id,year,shapeName,year,inv,ob_f_,tec_f_,adm_f_,ob_m_,tec_m_,adm_m_,ent,ele,com,inf,wat,tss,buiilt,ocu,sal_op,sal_tec,pop,temp,agr,urb,ntl,egdp,medical_checks_,emergencies_,deaths_,births_,suicides_,homicides_,car_theft_,drop_m,scho_count,class,stu
0.0,2009,SantiagoSantiagoSantiagoSantiagoSantiagoSantiagoSantiagoSantiagoSantiagoSantiagoSantiagoSantiagoSantiagoSantiagoSantiagoSantiagoSantiagoSantiagoSantiagoSantiagoSantiagoSantiagoSantiagoSantiagoSantiagoSantiagoSantiago,54172.0,567462913.8399999,10652.0,1121.0,686.0,11179.0,2255.0,899.0,147.0,303905097.76,62689775.58,24631930.73,32603990.14,613645155.1700001,7607205.55,5813821.1899999995,754.0877777777778,0.0,1021744.32,299.6076113,88.11957547197156,4561.550270557404,0.486592100156036,11579.788051170312,699669,419088,484,"17,558",75,223,0,0.0,958,11522,267164
1.0,2009,DuarteDuarte,4003.0,999000.0,43.0,5.0,1.0,18.0,17.0,1.0,1.0,724743.81,100809.59,52802.0,26718.0,1211011.08,164584.0,16584.0,623.5,0.0,318526.08,300.8420279,17.749407958984374,728.4094014167786,0.1663358250075834,2387.7492535814936,110856,46959,91,"5,066",15,75,0,0.0,422,4143,77939
2.0,2009,ElÃ­as PiÃ±a,0.0,0.0,0.0,0.0,0.0,0.0,0.0,0.0,0.0,0.0,0.0,0.0,0.0,0.0,0.0,0.0,0.0,0.0,74742.01996,301.6093401,17.761426091194153,3.718613386154175,0.0036239559274229,397.6924449326945,37685,57392,17,823,5,16,0,0.0,142,991,20937
3.0,2009,Hato Mayor,1990.0,0.0,0.0,0.0,0.0,0.0,0.0,0.0,0.0,0.0,0.0,0.0,0.0,5091840.89,0.0,0.0,0.0,0.0,98527.87004,300.3884697,26.608176539925967,59.18266700856826,0.0385236557935432,1153.0840783864255,60928,56434,8,995,5,8,0,0.0,128,1168,25872
4.0,2009,La Vega,1987.0,31272807.25,1588.0,61.0,51.0,1616.0,239.0,62.0,19.0,22856282.57,2792625.3,1099318.98,413403.0,15508283.6,1208176.0,1048074.0,1329.78,0.0,437785.1,298.173386,12.17911964818543,389.117139339447,0.0848152372722284,4434.614496397094,124898,131960,119,"6,029",36,81,0,0.0,432,4568,108695
5.0,2009,SÃ¡nchez RamÃ­rez,1990.0,350200.0,116.0,8.0,3.0,85.0,18.0,2.0,1.0,872600.0,143447.0,95049.0,0.0,1585289.23,82965.0,71272.0,0.0,0.0,169793.07,301.024752,1.1738885641098022,77.01446723937988,0.0216362412508762,1196.937843444301,120741,52685,28,"2,480",11,21,0,0.0,271,2515,42734
6.0,2009,SamanÃ¡,0.0,0.0,0.0,0.0,0.0,0.0,0.0,0.0,0.0,0.0,0.0,0.0,0.0,0.0,0.0,0.0,0.0,0.0,99109.83021,298.9626915,12.991275310516356,6.110637615241256,0.0236014458061751,439.5807195434967,67834,38977,23,"1,840",4,12,0,0.0,146,1469,34131
7.0,2009,ValverdeValverde,3981.0,25574506.0,1177.0,66.0,83.0,1780.0,217.0,118.0,8.0,24216673.43,1518836.68,2354881.0,1527619.28,56081496.45,545494.34,367372.34,934.515,0.0,177695.9399,302.8748977,30.99419617652893,199.71329617500305,0.0802105365447003,1328.569750292483,94657,74846,64,"2,542",14,40,0,0.0,177,2021,42416
8.0,2009,BarahonaBarahona,3999.0,5000000.0,42.0,1.0,7.0,210.0,20.0,20.0,1.0,23000000.0,600000.0,68000.0,172000.0,0.0,276405.0,223116.0,623.5,0.0,192826.3603,301.3013282,41.63419770165986,202.9542767384473,0.0382802097211508,1433.2774727504045,75151,139209,75,"4,376",9,42,0,0.0,224,2485,60370
9.0,2009,La RomanaLa Romana,3956.0,153012294.03,3458.0,223.0,125.0,1282.0,401.0,181.0,10.0,48196839.56,8170127.789999999,4572607.18,1949562.0,73805773.86,1269721.0,984719.0,1421.11,0.0,245034.2598,303.3432507,117.41550458786534,652.637322192566,0.3599522989347496,3243.7594273987347,60014,65187,28,"4,799",18,64,0,0.0,271,3213,74565
10.0,2009,MonseÃ±or NouelMonseÃ±or NouelMonseÃ±or Nouel,5999.0,116770085.75,493.0,29.0,35.0,1592.0,72.0,50.0,6.0,46989899.73,3562089.85,2829870.2,771806.2,54998300.8,2303923.4,2167321.4,2471.2066666666665,0.0,189203.04,299.2708952,5.24174165725708,253.96117067337036,0.1002635333520446,1922.4245849266936,100708,60772,55,"3,262",4,30,0,0.0,248,2530,52680
11.0,2009,Monte Cristi,0.0,0.0,0.0,0.0,0.0,0.0,0.0,0.0,0.0,0.0,0.0,0.0,0.0,0.0,0.0,0.0,0.0,0.0,124663.85,303.7063369,31.603978991508484,47.64917778968811,0.0137944961798244,819.1458666386848,89150,58493,44,"1,237",9,16,0,0.0,157,1342,27184
12.0,2009,Pedernales,1991.0,2050000.0,185.0,9.0,6.0,435.0,20.0,12.0,1.0,922866.82,241654.36,290000.0,1982.0,5668127.36,80000.0,80000.0,1000.0,0.0,23867.50002,301.3550804,2.4546973939035452,135.22299105232838,0.0176952438118438,490.6593252949855,6640,14420,9,218,0,6,0,0.0,26,284,6948
13.0,2009,Peravia,1986.0,28193395.0,647.0,103.0,9.0,309.0,54.0,13.0,5.0,3431317.66,2104759.61,789637.82,246166.66,33686060.71,430138.0,200133.0,1496.4,0.0,191693.3201,302.9957242,52.13629544482512,295.49131298065186,0.1195011451429258,1677.104653114811,108189,119312,77,"3,233",15,44,0,0.0,150,1891,52538
14.0,2009,Puerto PlataPuerto Plata,4002.0,4699014.8,427.0,42.0,25.0,368.0,117.0,22.0,10.0,10479512.62,2900046.61,447281.7,180449.0,15721814.43,383353.57,368633.57,748.255,0.0,337734.4595,301.1875173,28.91213473478953,362.5481898382598,0.106587713441306,2543.289332568879,259607,92413,78,"4,168",26,72,0,0.0,482,4730,90957
15.0,2009,San JosÃ© de Ocoa,0.0,0.0,0.0,0.0,0.0,0.0,0.0,0.0,0.0,0.0,0.0,0.0,0.0,0.0,0.0,0.0,0.0,0.0,69782.08002,298.1650696,0.0,18.610050559043884,0.0240001712480459,422.4036400004346,24031,46892,17,654,6,11,0,0.0,131,966,16256
16.0,2009,San Juan,0.0,0.0,0.0,0.0,0.0,0.0,0.0,0.0,0.0,0.0,0.0,0.0,0.0,0.0,0.0,0.0,0.0,0.0,271444.5101,300.8752739,115.89994869793162,156.06463503837583,0.0210189292264156,2110.712474366029,96304,89561,93,"4,297",27,51,0,0.0,375,3348,72002
17.0,2009,Santiago RodrÃ­guez,0.0,0.0,0.0,0.0,0.0,0.0,0.0,0.0,0.0,0.0,0.0,0.0,0.0,0.0,0.0,0.0,0.0,0.0,66939.29001,301.0100706,44.01668667793274,23.947060346603394,0.0229554655122555,468.5318340849644,59371,59872,23,"1,086",5,4,0,0.0,112,949,14916
18.0,2009,Distrito Nacional,0.0,0.0,0.0,0.0,0.0,0.0,0.0,0.0,0.0,0.0,0.0,0.0,0.0,0.0,0.0,0.0,0.0,0.0,1024342.719,304.4342802,37.08332261384702,7729.733870202419,20.411767621386986,4275.957806366566,1059773,466648,288,"39,694",52,307,0,0.0,902,10660,250370
19.0,2009,El Seibo,2000.0,100000.0,65.0,0.0,3.0,2.0,1.0,3.0,1.0,336000.0,69600.0,30000.0,22356.0,598589.94,48563.0,16188.0,1450.0,0.0,98621.06,301.0897355,4.705512046813965,51.97664701938629,0.016256985284972,878.4346317525592,60532,36617,14,"1,185",3,20,0,0.0,173,1360,25691
20.0,2009,Espaillat,1989.0,12862324.05,446.0,15.0,43.0,283.0,69.0,77.0,8.0,12297963.57,1028481.88,651579.59,344422.0,12111774.73,512167.0,463021.0,1286.37,0.0,251299.9698,301.0653997,1.0353094185099885,200.9814066886902,0.1143212957849167,1750.698958946677,153357,74432,65,"3,062",14,50,0,0.0,273,2785,59939
21.0,2009,Hermanas Mirabal,0.0,0.0,0.0,0.0,0.0,0.0,0.0,0.0,0.0,0.0,0.0,0.0,0.0,0.0,0.0,0.0,0.0,0.0,110753.75,301.192731,0.0,7.485211491584778,0.0219878724297601,530.6726323310066,88196,66311,24,"1,493",11,18,0,0.0,163,1494,25194
22.0,2009,Independencia,0.0,0.0,0.0,0.0,0.0,0.0,0.0,0.0,0.0,0.0,0.0,0.0,0.0,0.0,0.0,0.0,0.0,0.0,58443.49002,302.3831903,35.673717737197876,18.375360131263733,0.0105808607839629,607.3480480727023,20190,16552,12,650,1,10,0,0.0,65,618,15516
23.0,2009,Baoruco,0.0,0.0,0.0,0.0,0.0,0.0,0.0,0.0,0.0,0.0,0.0,0.0,0.0,0.0,0.0,0.0,0.0,0.0,103729.12,303.9937507,23.50208846494263,97.74898197043176,0.0231509166973422,818.6914569595866,19278,47945,24,"1,560",9,19,0,0.0,155,1488,32549
24.0,2009,Azua,0.0,0.0,0.0,0.0,0.0,0.0,0.0,0.0,0.0,0.0,0.0,0.0,0.0,0.0,0.0,0.0,0.0,0.0,236312.65,302.3195957,7.12573572327109,119.48260748386384,0.0135857373657418,1553.0547573620786,109958,80918,38,"3,714",14,47,0,0.0,256,2604,62351
25.0,2009,DajabÃ³n,0.0,0.0,0.0,0.0,0.0,0.0,0.0,0.0,0.0,0.0,0.0,0.0,0.0,0.0,0.0,0.0,0.0,0.0,76579.08,302.787936,20.841349270297034,13.325893855562397,0.0105426246022187,441.81965385061807,42498,33592,24,673,5,20,0,0.0,120,979,19041
26.0,2009,La Altagracia,0.0,0.0,0.0,0.0,0.0,0.0,0.0,0.0,0.0,0.0,0.0,0.0,0.0,0.0,0.0,0.0,0.0,0.0,204122.42,301.6165973,758.835197305212,398.5882217884064,0.2031548806348344,6053.95425165804,18529,15147,63,"4,964",18,88,0,0.0,254,2415,66808
27.0,2009,MarÃ­a Trinidad SÃ¡nchez,0.0,0.0,0.0,0.0,0.0,0.0,0.0,0.0,0.0,0.0,0.0,0.0,0.0,0.0,0.0,0.0,0.0,0.0,146614.6802,300.4961405,3.098090648651123,44.3297219692492,0.021921343720368,829.2091533364033,75340,34401,23,"2,495",9,14,0,0.0,259,2163,37301
28.0,2009,Santo DomingoSanto DomingoSanto DomingoSanto DomingoSanto DomingoSanto DomingoSanto DomingoSanto DomingoSanto DomingoSanto DomingoSanto DomingoSanto DomingoSanto DomingoSanto DomingoSanto DomingoSanto DomingoSanto DomingoSanto DomingoSanto Domingo,38054.0,782054661.42,11545.0,1706.0,827.0,6326.0,2607.0,995.0,106.0,376774942.43,135606431.87,27160732.410000004,20555496.0,737063891.93,5480368.9,4826194.99,1109.503157894737,0.0,2006152.293,302.3572869,642.5121967755113,9816.108509798143,2.197192215103216,18449.425002411535,1161555,828386,952,"25,988",96,679,0,0.0,2599,29156,651122
29.0,2009,Monte Plata,0.0,0.0,0.0,0.0,0.0,0.0,0.0,0.0,0.0,0.0,0.0,0.0,0.0,0.0,0.0,0.0,0.0,0.0,201800.29,300.6113374,0.0,14.336851596832275,0.0049540293620379,1228.59820492367,171129,84497,90,"1,829",8,28,0,0.0,348,3016,60207
30.0,2009,San CristÃ³balSan CristÃ³balSan CristÃ³balSan CristÃ³balSan CristÃ³balSan CristÃ³bal,11976.0,271356682.46,6083.0,241.0,590.0,3542.0,899.0,697.0,63.0,285160427.22,46963570.88,16121179.31,5615873.3,312452433.38,3281428.4499999997,2775918.46,1734.28,0.0,603373.2303,299.9489214,181.9260620061089,728.1388636004691,0.2368303278060976,4786.334496243066,224960,248479,256,"9,035",23,162,0,0.0,676,7620,186554
31.0,2009,San Pedro de MacorÃ­sSan Pedro de MacorÃ­s,3961.0,119973972.04,5505.0,392.0,269.0,2720.0,732.0,305.0,48.0,114963126.7,18491637.4,7569206.64,2104881.98,153426403.98,2925528.0,2787662.0,1394.13,0.0,331273.7995,302.9524023,236.564430475235,581.7328798831677,0.1729337163888744,3699.0576317485047,172371,136363,142,"5,881",16,79,0,0.0,307,3629,91142
0.0,2010,SantiagoSantiagoSantiagoSantiagoSantiagoSantiagoSantiagoSantiagoSantiagoSantiagoSantiagoSantiagoSantiagoSantiagoSantiagoSantiagoSantiagoSantiagoSantiagoSantiagoSantiagoSantiagoSantiagoSantiagoSantiagoSantiagoSantiago,54172.0,569051897.57,10188.0,976.0,710.0,11138.0,2117.0,949.0,149.0,310116088.82,59179786.06,68438373.84,24848818.220000003,626384288.33,7868855.44,5975586.89,798.2248148148147,1580.7955555555554,1040144.57,299.2195467,135.89695012569427,3305.3079483509064,0.3711455777553319,12239.48171894929,786189,388543,434,"19,600",87,240,0,5.0,972,12702,259497
1.0,2010,DuarteDuarte,4003.0,131939.96,50.0,5.0,1.0,19.0,18.0,1.0,1.0,694055.57,100414.48,60331.0,26718.0,1611791.29,164584.0,48989.0,623.075,1250.0,324250.75,300.9791983,17.347149443626403,428.5085092782974,0.1071261489287856,2548.6093893732514,143595,55538,96,"5,286",16,78,0,6.4,425,4793,76064
2.0,2010,ElÃ­as PiÃ±a,0.0,0.0,0.0,0.0,0.0,0.0,0.0,0.0,0.0,0.0,0.0,0.0,0.0,0.0,0.0,0.0,0.0,0.0,74932.76995,301.4481247,13.994685053825378,1.22383713722229,0.0029308266187446,418.0102377293742,42032,59916,8,805,2,19,0,4.4,143,1213,21172
3.0,2010,Hato Mayor,1990.0,0.0,0.0,0.0,0.0,0.0,0.0,0.0,0.0,0.0,0.0,0.0,0.0,0.0,0.0,0.0,0.0,0.0,100237.45,300.9079045,17.583296537399292,61.6303893327713,0.0279982873576106,1224.0518401106192,69398,49192,21,"1,364",1,10,0,4.8,129,1401,26425
4.0,2010,La Vega,1987.0,41049789.56,2427.0,82.0,60.0,2528.0,332.0,58.0,23.0,35713830.0,3636941.93,1724458.5,740548.49,46127044.08,1208176.0,1021199.0,1466.29,3190.84,445691.1,298.2146794,11.584240855422674,225.6052724123001,0.051210309257424,4685.096972616748,189339,137678,61,"6,061",36,107,0,8.3,436,5477,105942
5.0,2010,SÃ¡nchez RamÃ­rez,1990.0,0.0,0.0,0.0,0.0,0.0,0.0,0.0,0.0,0.0,0.0,0.0,0.0,809798.75,0.0,0.0,0.0,0.0,172856.22,301.2447729,0.0,66.99088132381439,0.0229643017642556,1459.5902203983835,106917,49554,38,"2,553",13,20,0,4.5,273,3007,41371
6.0,2010,SamanÃ¡,0.0,0.0,0.0,0.0,0.0,0.0,0.0,0.0,0.0,0.0,0.0,0.0,0.0,0.0,0.0,0.0,0.0,0.0,100896.2802,299.1061432,13.311455488204956,7.120194550121532,0.0222441133201792,469.02151474385863,70170,40646,27,"1,627",9,24,0,7.7,147,1647,29150
7.0,2010,ValverdeValverde,3981.0,28160673.0,1457.0,102.0,87.0,1766.0,140.0,109.0,8.0,29460537.51,1609078.23,3674774.0,1296558.94,78520783.23,545494.34,454746.12,958.625,1720.815,180893.6399,302.6447406,17.111476063728333,154.32578790187836,0.0556130185953414,1412.2146523130298,94619,75785,70,"2,655",10,35,0,4.5,179,2391,40936
8.0,2010,BarahonaBarahona,3999.0,53300000.0,43.0,1.0,11.0,308.0,50.0,21.0,2.0,31225151.74,1733991.0,905044.0,262964.0,8487878.38,349787.0,294499.0,1587.5,3800.0,196295.4303,301.0859344,33.93126512929505,176.51575382924543,0.0332815917457333,1517.1960172223114,63089,120182,27,"4,485",10,35,0,8.3,224,2826,60162
9.0,2010,La RomanaLa Romana,3956.0,143935569.5,4092.0,258.0,131.0,1647.0,527.0,198.0,9.0,49919212.67,9247703.85,4631478.18,1896265.65,116259889.26,1269721.0,762290.3300000001,1622.095,3802.82,249453.6998,303.3133994,133.63176715046754,528.6105762575188,0.3331229227474242,3474.4148598425536,65915,66326,33,"4,658",12,72,0,5.2,267,3547,73228
10.0,2010,MonseÃ±or NouelMonseÃ±or NouelMonseÃ±or Nouel,5999.0,116210115.0,470.0,43.0,16.0,1464.0,89.0,23.0,5.0,22721687.43,4837642.97,2539796.0,544902.4,63948368.84,2303923.4,1885570.4,2045.0633333333335,3440.5766666666664,192603.62,299.1679904,1.675005316734314,89.30062782764435,0.0331344837461069,2028.788155133176,89549,41843,45,"3,183",11,48,0,6.1,253,3009,50162
11.0,2010,Monte Cristi,0.0,0.0,0.0,0.0,0.0,0.0,0.0,0.0,0.0,0.0,0.0,0.0,0.0,0.0,0.0,0.0,0.0,0.0,126887.44,303.1044379,13.610888838768004,28.90824282169342,0.0081140796455356,864.328157792547,85816,60963,50,"1,247",6,22,0,4.7,158,1545,25041
12.0,2010,Pedernales,1991.0,28000000.0,291.0,7.0,10.0,233.0,21.0,6.0,1.0,1115044.36,225580.13,652869.0,126140.0,8569554.05,80000.0,80000.0,1154.0,2770.0,24612.03002,300.7329421,0.9825353365318448,26.140642725252636,0.0031936363809857,515.5091338478467,1074,2378,3,243,3,3,0,7.4,26,340,7045
13.0,2010,Peravia,1986.0,10800470.35,493.0,74.0,16.0,346.0,49.0,22.0,6.0,7711990.19,2595124.47,785209.75,322045.0,10096906.3,430138.0,221675.0,1569.25,3412.46,195262.0501,303.3104224,29.07862950072569,145.1288561820984,0.0648983909972536,1770.968573416682,102434,125062,55,"2,978",12,51,0,6.7,154,2227,50826
14.0,2010,Puerto PlataPuerto Plata,4002.0,2893421.81,373.0,25.0,45.0,353.0,32.0,42.0,7.0,52109546.38,7905337.29,4182443.12,6263721.21,45396213.8,412793.17,390573.17,918.25,1761.465,343821.8995,300.6427473,17.233810926886164,298.4508153396494,0.0839288028578288,2688.448477667979,256735,42930,76,"4,262",20,61,0,3.5,489,5431,86866
15.0,2010,San JosÃ© de Ocoa,0.0,0.0,0.0,0.0,0.0,0.0,0.0,0.0,0.0,0.0,0.0,0.0,0.0,0.0,0.0,0.0,0.0,0.0,71037.11002,298.3377866,0.0,14.644741415977478,0.0088567798248882,446.91514263749104,25979,53383,8,673,4,6,0,3.9,131,1248,16413
16.0,2010,San Juan,0.0,0.0,0.0,0.0,0.0,0.0,0.0,0.0,0.0,0.0,0.0,0.0,0.0,0.0,0.0,0.0,0.0,0.0,276320.1201,300.6440439,186.72336758725783,300.399191737175,0.0395772535812621,2315.9928134371835,132532,109153,52,"4,456",15,57,0,9.1,377,3958,74076
17.0,2010,Santiago RodrÃ­guez,0.0,0.0,0.0,0.0,0.0,0.0,0.0,0.0,0.0,0.0,0.0,0.0,0.0,0.0,0.0,0.0,0.0,0.0,68162.13001,300.501923,14.200271487236025,11.863163471221924,0.0083975076351937,495.4041582831565,54232,51782,11,"1,176",7,8,0,2.9,113,1100,14249
18.0,2010,Distrito Nacional,0.0,0.0,0.0,0.0,0.0,0.0,0.0,0.0,0.0,0.0,0.0,0.0,0.0,0.0,0.0,0.0,0.0,0.0,1041319.799,304.7009605,16.784572336720487,6265.8742011023505,16.57287014437662,4512.442580787807,1044692,467553,242,"38,248",46,318,0,4.6,925,11449,242301
19.0,2010,El Seibo,2000.0,180000.0,81.0,0.0,5.0,5.0,2.0,0.0,1.0,540000.0,66720.0,30000.0,22344.0,941028.41,48563.0,16040.0,1450.0,4500.0,100418.11,301.5788909,6.73045539855957,28.13357734680176,0.0086548942057028,929.004939572484,35509,16568,8,"1,102",2,19,0,6.7,171,1701,24401
20.0,2010,Espaillat,1989.0,21420726.14,788.0,14.0,25.0,584.0,64.0,22.0,8.0,18430762.5,1780206.8,659226.75,488552.0,17702444.62,512167.0,479067.0,1345.69,2684.83,255825.7698,300.9299814,0.0,130.96763479709625,0.0651208538876992,1850.326414440953,225870,26848,63,"2,943",23,44,0,8.3,270,3251,57899
21.0,2010,Hermanas Mirabal,0.0,0.0,0.0,0.0,0.0,0.0,0.0,0.0,0.0,0.0,0.0,0.0,0.0,0.0,0.0,0.0,0.0,0.0,112747.45,301.1512987,0.0,7.916012287139893,0.0138746866684223,560.0640582082322,94015,73370,29,"1,382",7,21,0,6.5,165,1769,24005
22.0,2010,Independencia,0.0,0.0,0.0,0.0,0.0,0.0,0.0,0.0,0.0,0.0,0.0,0.0,0.0,0.0,0.0,0.0,0.0,0.0,59550.23002,302.2502199,52.39285409450531,24.78659474849701,0.0131116599336902,642.9762878436082,24323,26243,7,641,4,7,0,7.0,67,738,16031
23.0,2010,Baoruco,0.0,0.0,0.0,0.0,0.0,0.0,0.0,0.0,0.0,0.0,0.0,0.0,0.0,0.0,0.0,0.0,0.0,0.0,105599.86,303.6928102,10.819433488097848,56.79799040298836,0.013424234328796,865.8017073408063,27759,58340,6,"1,704",4,19,0,6.2,155,1676,31645
24.0,2010,Azua,0.0,0.0,0.0,0.0,0.0,0.0,0.0,0.0,0.0,0.0,0.0,0.0,0.0,0.0,0.0,0.0,0.0,0.0,240547.77,302.1097964,9.472091785131717,91.76695275306702,0.0107036642595377,1641.896782370174,140076,76848,59,"4,054",10,40,0,3.6,260,3061,63097
25.0,2010,DajabÃ³n,0.0,0.0,0.0,0.0,0.0,0.0,0.0,0.0,0.0,0.0,0.0,0.0,0.0,0.0,0.0,0.0,0.0,0.0,72834.65998,302.0296588,15.871078017646193,6.399967121142967,0.006820620335958,459.6956814992662,37188,43705,22,708,6,20,0,2.7,120,1124,18122
26.0,2010,La Altagracia,0.0,0.0,0.0,0.0,0.0,0.0,0.0,0.0,0.0,0.0,0.0,0.0,0.0,0.0,0.0,0.0,0.0,0.0,207288.13,301.6098283,502.83468070824944,340.2999060153961,0.1558379344195007,6470.726670867672,76482,58723,59,"4,824",13,90,0,6.9,256,2850,64646
27.0,2010,MarÃ­a Trinidad SÃ¡nchez,0.0,0.0,0.0,0.0,0.0,0.0,0.0,0.0,0.0,0.0,0.0,0.0,0.0,0.0,0.0,0.0,0.0,0.0,149259.3703,300.6309407,0.0,28.744885855562547,0.0218837661767064,875.8306115619691,92083,43778,29,"2,592",9,18,0,3.7,260,2450,35987
28.0,2010,Santo DomingoSanto DomingoSanto DomingoSanto DomingoSanto DomingoSanto DomingoSanto DomingoSanto DomingoSanto DomingoSanto DomingoSanto DomingoSanto DomingoSanto DomingoSanto DomingoSanto DomingoSanto DomingoSanto DomingoSanto DomingoSanto Domingo,38054.0,820022451.2,12042.0,1745.0,897.0,7589.0,2923.0,1036.0,108.0,343899635.69,109850420.29,27302617.42,16997480.6,735228640.1700001,5825783.55,4683984.47,1091.69,2660.777368421053,2046253.152,302.96175,774.1003253366432,8340.447850564415,1.9480115697356524,19656.339110051653,1188752,787018,754,"26,675",93,629,0,5.0,2702,32426,655566
29.0,2010,Monte Plata,0.0,0.0,0.0,0.0,0.0,0.0,0.0,0.0,0.0,0.0,0.0,0.0,0.0,0.0,0.0,0.0,0.0,0.0,205420.91,301.0927594,0.0,24.880181312561035,0.0091270227268059,1298.4797488781164,72290,49642,69,"1,803",10,34,0,2.8,351,3566,56343
30.0,2010,San CristÃ³balSan CristÃ³balSan CristÃ³balSan CristÃ³balSan CristÃ³balSan CristÃ³bal,11976.0,317978129.49,6489.0,343.0,605.0,4110.0,932.0,674.0,59.0,311554167.61,84918204.67,17072587.89,8710732.85,361375099.91,3351088.16,2887275.75,1681.0500000000002,3363.183333333333,612623.2203,300.5469471,329.63748693606436,773.6672473271688,0.286271050673817,5102.798914145577,256709,259992,209,"9,072",31,148,0,6.3,694,9089,184466
31.0,2010,San Pedro de MacorÃ­sSan Pedro de MacorÃ­s,3961.0,115308362.53,6054.0,452.0,279.0,2935.0,839.0,323.0,44.0,148256589.1,16551765.0,8798635.040000001,1758070.91,218833069.89,2925528.0,2740968.93,1563.605,3759.735,337178.8195,303.2614473,125.38190615177156,309.3315348480262,0.0909218044284002,3913.656079956247,171560,132477,148,"5,762",9,75,0,5.4,302,4026,92866
0.0,2011,SantiagoSantiagoSantiagoSantiagoSantiagoSantiagoSantiagoSantiagoSantiagoSantiagoSantiagoSantiagoSantiagoSantiagoSantiagoSantiagoSantiagoSantiagoSantiagoSantiagoSantiagoSantiagoSantiagoSantiagoSantiagoSantiagoSantiago,54172.0,545850454.1,12556.0,868.0,866.0,12644.0,2295.0,968.0,161.0,435055587.11,91470811.39,29690620.090000004,41099199.75,745299245.62,7986170.11,6587643.2,869.9037037037037,1736.7403703703703,1054359.85,299.5180401,227.701485284637,6639.356855511665,0.7271689760701376,12561.333732316718,751405,330585,400,"20,458",76,216,0,5.4,978,11394,256424
1.0,2011,DuarteDuarte,4003.0,1053438.3,63.0,5.0,2.0,23.0,21.0,2.0,2.0,1072866.99,119289.24,73794.0,26718.0,1985346.79,164584.0,81654.0,623.075,1250.0,328819.2699,300.9055391,50.11974878498152,1024.8166449069977,0.2279231968783892,2614.352490240336,157960,79009,50,"5,313",23,74,0,6.9,425,4226,75640
2.0,2011,ElÃ­as PiÃ±a,0.0,0.0,0.0,0.0,0.0,0.0,0.0,0.0,0.0,0.0,0.0,0.0,0.0,0.0,0.0,0.0,0.0,0.0,76220.77995,301.9462659,29.34895968437195,5.0134687423706055,0.0078810428570528,428.76354297563154,37048,49133,14,789,0,12,0,3.9,142,974,20980
3.0,2011,Hato Mayor,1990.0,350000.0,58.0,2.0,2.0,20.0,1.0,1.0,1.0,1205000.0,40500.0,64400.0,30000.0,1308828.94,55019.0,55019.0,1063.0,2800.0,101322.66,300.5202197,21.74633336628185,67.50199458458845,0.0575946446511671,1257.3154694823074,68848,69719,16,"1,423",4,14,0,5.7,132,1222,24891
4.0,2011,La Vega,1987.0,40072679.2,2504.0,90.0,60.0,2245.0,390.0,64.0,21.0,50243306.14,4709304.3,2388481.0,1073158.17,58945323.97,1173226.0,1142783.0,1584.76,3356.29,451458.3299,298.1753878,61.40712340018328,535.4429755439945,0.1674129609332963,4821.8044056196995,244670,125616,98,"6,477",35,85,0,9.0,433,4588,103982
5.0,2011,SÃ¡nchez RamÃ­rez,1990.0,0.0,0.0,0.0,0.0,0.0,0.0,0.0,0.0,0.0,0.0,0.0,0.0,0.0,0.0,0.0,0.0,0.0,175317.22,301.3730799,9.9529390335083,125.77533411979675,0.0623762160241514,1598.5721090838028,112196,52738,40,"2,665",9,32,0,6.8,269,2566,40896
6.0,2011,SamanÃ¡,0.0,0.0,0.0,0.0,0.0,0.0,0.0,0.0,0.0,0.0,0.0,0.0,0.0,0.0,0.0,0.0,0.0,0.0,102222.4602,299.0494289,82.27499005934772,75.48785293803495,0.0997337018196704,488.5272603667833,78225,43043,21,"1,740",7,20,0,7.6,142,1347,28502
7.0,2011,ValverdeValverde,3981.0,22456491.7,824.0,61.0,46.0,1087.0,92.0,83.0,6.0,22457580.01,2061739.49,2454459.5,1346949.2,54124216.8,545494.34,299993.51,808.335,1656.25,183220.2799,303.1573061,132.54525685310364,274.5377196073532,0.1430698048558292,1460.8505853629574,77299,75557,57,"2,782",24,30,0,3.2,175,2058,41540
8.0,2011,BarahonaBarahona,3999.0,54400000.0,15.0,0.0,15.0,242.0,62.0,26.0,2.0,39484739.95,1263464.04,658382.5,263115.6,5137158.94,349787.0,313360.0,1483.5,3100.0,198947.3704,300.7617865,79.36177949858646,418.7442785487456,0.078632116329119,1550.9477181397226,40863,76738,81,"4,749",3,43,0,7.7,227,2494,60700
9.0,2011,La RomanaLa Romana,3956.0,122029825.7,4164.0,194.0,148.0,1631.0,581.0,232.0,10.0,64959785.89,9320934.31,5340727.720000001,1629829.0,131525824.96,1269721.0,889916.0,1559.4,3380.05,252817.4298,302.3876212,153.3084339908525,663.780293527304,0.4373459643253887,3605.36615419943,75498,69622,24,"4,845",13,63,0,4.3,284,3344,74136
10.0,2011,MonseÃ±or NouelMonseÃ±or NouelMonseÃ±or Nouel,5999.0,70633388.9,577.0,51.0,41.0,1483.0,80.0,20.0,4.0,245863675.43,6185260.54,3374067.0,572492.23,73165658.87,2154158.4,1886618.4,1845.6533333333336,3935.9166666666665,195212.04,299.3532684,26.08369731903076,282.72217309474945,0.2687622256005451,2091.686759463946,126073,24392,37,"3,145",13,49,0,4.3,251,2573,50142
11.0,2011,Monte Cristi,0.0,0.0,0.0,0.0,0.0,0.0,0.0,0.0,0.0,0.0,0.0,0.0,0.0,0.0,0.0,0.0,0.0,0.0,128560.88,304.6583193,121.24288427829742,133.4216912984848,0.0429063807703033,901.3303254067898,76193,55784,43,"1,385",10,28,0,7.6,157,1356,25012
12.0,2011,Pedernales,1991.0,17000000.0,305.0,0.0,11.0,274.0,2.0,6.0,1.0,1659603.39,211238.74,358782.0,292755.0,11247387.82,100457.0,100457.0,1300.0,2800.0,24942.11002,300.4889037,0.0,49.806136818493115,0.0095090115596872,529.5274503940461,7931,13640,3,270,1,4,0,10.0,27,314,7274
13.0,2011,Peravia,1986.0,11832510.3,538.0,72.0,9.0,393.0,51.0,19.0,6.0,9525893.83,2187942.39,516147.5,362455.08,20538705.08,430138.0,222738.0,1875.22,3684.9,197903.9901,302.3389718,75.62330458070717,396.995097918604,0.1682613430181543,1810.1408724887117,104736,123331,49,"2,959",21,58,0,8.8,152,1935,51921
14.0,2011,Puerto PlataPuerto Plata,4002.0,4141555.4,496.0,2.0,14.0,421.0,20.0,12.0,6.0,6687413.52,770961.32,167248.8,118063.12,7312274.6,412793.17,289169.57,830.25,1662.5,348456.7095,301.3908581,72.38557527299021,1094.7200620978488,0.2360382843383743,2745.2608496820217,237076,100079,70,"4,329",22,62,0,4.6,479,4687,85919
15.0,2011,San JosÃ© de Ocoa,0.0,0.0,0.0,0.0,0.0,0.0,0.0,0.0,0.0,0.0,0.0,0.0,0.0,0.0,0.0,0.0,0.0,0.0,71997.44002,298.0512431,0.0,28.44214427471161,0.053388386598001,467.2580831381621,23063,53156,7,703,7,4,0,3.1,121,1001,15646
16.0,2011,San Juan,0.0,0.0,0.0,0.0,0.0,0.0,0.0,0.0,0.0,0.0,0.0,0.0,0.0,0.0,0.0,0.0,0.0,0.0,280070.7201,300.6321703,503.0082888757481,479.45061361789703,0.0795213525980087,2496.85288724315,164172,118772,50,"4,308",10,59,0,7.3,366,3303,72680
17.0,2011,Santiago RodrÃ­guez,0.0,0.0,0.0,0.0,0.0,0.0,0.0,0.0,0.0,0.0,0.0,0.0,0.0,0.0,0.0,0.0,0.0,0.0,69305.31002,301.3586966,49.0659419298172,41.17028272151947,0.0352827419595743,518.6946828035162,51345,52599,18,"1,311",3,11,0,4.0,111,949,13849
18.0,2011,Distrito Nacional,0.0,0.0,0.0,0.0,0.0,0.0,0.0,0.0,0.0,0.0,0.0,0.0,0.0,0.0,0.0,0.0,0.0,0.0,1055389.679,304.7879495,21.124100712233897,10864.98927283567,28.536829670327116,4606.208734699324,1027816,491295,254,"41,495",61,397,0,4.4,914,10539,244904
19.0,2011,El Seibo,2000.0,165428.0,73.0,1.0,6.0,8.0,2.0,2.0,1.0,521478.0,68251.0,23251.0,32002.0,1388704.73,48563.0,48563.0,1475.0,4800.0,101742.92,301.1051631,11.870038986206056,36.89450216293335,0.0221416313905412,950.7672051388848,76099,40582,10,"1,107",7,19,0,7.0,170,1344,24244
20.0,2011,Espaillat,1989.0,19610193.8,683.0,8.0,78.0,551.0,50.0,65.0,9.0,34625580.29,2506450.27,979866.0,450474.0,26995360.95,512167.0,512167.0,1603.33,2750.0,259259.9398,300.9214859,1.305719274633071,297.6537312269211,0.1910617978485274,1897.2974665647043,204230,52398,52,"3,341",20,33,0,8.1,271,2779,56621
21.0,2011,Hermanas Mirabal,0.0,0.0,0.0,0.0,0.0,0.0,0.0,0.0,0.0,0.0,0.0,0.0,0.0,0.0,0.0,0.0,0.0,0.0,114266.69,301.1811648,2.326363682746887,26.65146253202476,0.0663626350309682,575.1776282973151,115664,48748,16,"1,504",16,19,0,6.6,162,1513,23646
22.0,2011,Independencia,0.0,0.0,0.0,0.0,0.0,0.0,0.0,0.0,0.0,0.0,0.0,0.0,0.0,0.0,0.0,0.0,0.0,0.0,60388.44002,301.9469859,47.78685128688812,36.929784417152405,0.0134622087078296,657.0514080118314,16597,13772,17,676,5,11,0,6.0,65,658,15715
23.0,2011,Baoruco,0.0,0.0,0.0,0.0,0.0,0.0,0.0,0.0,0.0,0.0,0.0,0.0,0.0,0.0,0.0,0.0,0.0,0.0,107024.17,303.3574893,41.260405169281306,99.19378090699514,0.0297782825622633,884.7820834354446,27060,59012,33,"1,321",7,25,0,5.6,156,1462,31853
24.0,2011,Azua,0.0,0.0,0.0,0.0,0.0,0.0,0.0,0.0,0.0,0.0,0.0,0.0,0.0,0.0,0.0,0.0,0.0,0.0,243799.92,301.8471912,27.396687975584292,249.37649881839752,0.0363940703899773,1687.6277048894,142623,78529,51,"4,041",12,36,0,4.5,249,2611,62378
25.0,2011,DajabÃ³n,0.0,0.0,0.0,0.0,0.0,0.0,0.0,0.0,0.0,0.0,0.0,0.0,0.0,0.0,0.0,0.0,0.0,0.0,72764.57996,303.4015557,59.3077284265967,38.56206585098715,0.0285721680780575,497.7875418788078,30209,42633,16,756,9,12,0,4.4,121,980,18053
26.0,2011,La Altagracia,0.0,0.0,0.0,0.0,0.0,0.0,0.0,0.0,0.0,0.0,0.0,0.0,0.0,0.0,0.0,0.0,0.0,0.0,209896.33,301.4089448,785.1102653461345,448.504851102829,0.2127261093542931,6694.730696120799,81233,63655,62,"4,886",25,92,0,6.2,266,2649,68876
27.0,2011,MarÃ­a Trinidad SÃ¡nchez,0.0,0.0,0.0,0.0,0.0,0.0,0.0,0.0,0.0,0.0,0.0,0.0,0.0,0.0,0.0,0.0,0.0,0.0,151298.3103,300.5772769,20.92214596271515,154.22538455233854,0.0949996957127268,894.1817198507922,104680,47862,38,"2,480",9,23,0,3.5,261,2153,35443
28.0,2011,Santo DomingoSanto DomingoSanto DomingoSanto DomingoSanto DomingoSanto DomingoSanto DomingoSanto DomingoSanto DomingoSanto DomingoSanto DomingoSanto DomingoSanto DomingoSanto DomingoSanto DomingoSanto DomingoSanto DomingoSanto DomingoSanto Domingo,38054.0,823266239.8,12932.0,1146.0,955.0,7052.0,2440.0,1129.0,110.0,637524137.17,161378199.58,33528362.72,25747138.89,818432631.8299999,5833470.95,4630923.86,1257.251052631579,2747.8363157894737,2073918.332,302.8476726,1199.813278035089,12882.60631140494,2.8758519039881953,20332.141673565024,1199873,828829,758,"27,224",132,658,0,4.4,2716,30132,661582
29.0,2011,Monte Plata,0.0,0.0,0.0,0.0,0.0,0.0,0.0,0.0,0.0,0.0,0.0,0.0,0.0,0.0,0.0,0.0,0.0,0.0,208205.96,301.0224474,6.535336136817932,112.87669742107391,0.0451561203219017,1336.276683923135,65017,48232,63,"1,774",11,39,0,3.0,341,2905,56856
30.0,2011,San CristÃ³balSan CristÃ³balSan CristÃ³balSan CristÃ³balSan CristÃ³balSan CristÃ³bal,11976.0,399981271.5,7084.0,331.0,622.0,4204.0,1035.0,737.0,59.0,352462455.16999996,54820853.59,19189296.61,11846586.4,445968499.16,3351088.16,2865173.65,2036.7966666666669,4141.9800000000005,620904.4503,300.2390928,408.2346740114923,937.8126801920872,0.3732042041994705,5212.421758707833,260769,244677,160,"9,254",28,173,0,6.4,683,7738,188586
31.0,2011,San Pedro de MacorÃ­sSan Pedro de MacorÃ­s,3961.0,130019658.5,5255.0,361.0,290.0,2521.0,777.0,279.0,48.0,180716459.89,18912611.89,9423885.91,2947741.26,219774148.21,2925528.0,2790872.0,1687.505,3533.3199999999997,341481.4195,303.0275593,291.86563582607346,738.5891881208795,0.2118995494933491,4006.646164349831,171042,125663,109,"5,922",14,73,0,6.2,298,3584,92553
0.0,2012,SantiagoSantiagoSantiagoSantiagoSantiagoSantiagoSantiagoSantiagoSantiagoSantiagoSantiagoSantiagoSantiagoSantiagoSantiagoSantiagoSantiagoSantiagoSantiagoSantiagoSantiagoSantiagoSantiagoSantiagoSantiagoSantiagoSantiago,54172.0,569046563.42,14553.0,1142.0,935.0,14356.0,3104.0,1040.0,165.0,571913740.6700001,100616759.5,34802131.06,42407745.11,813494245.34,8147778.8,6848242.91,977.201851851852,1831.5125925925925,1068239.97,299.7078912,275.6188409127441,8742.67504286766,0.959658383183164,12857.489104673365,740849,301364,384,"19,404",71,206,0,5.6,991,13747,260695
1.0,2012,DuarteDuarte,4003.0,588095.0,60.0,5.0,2.0,27.0,23.0,4.0,2.0,1087059.64,149412.62,85744.26,29936.0,1945604.44,164584.0,64746.58,739.615,1400.0,333424.6899,300.754231,74.72514222462972,1574.4100016355517,0.3612748356292815,2670.9578039352814,163353,109922,66,"5,320",14,75,0,6.5,433,5100,75409
2.0,2012,ElÃ­as PiÃ±a,0.0,0.0,0.0,0.0,0.0,0.0,0.0,0.0,0.0,0.0,0.0,0.0,0.0,0.0,0.0,0.0,0.0,0.0,77211.96995,301.68339,42.4154796740588,10.902509689331056,0.0099545682622865,437.7130219392333,36471,51738,15,700,1,18,0,4.4,143,1321,20920
3.0,2012,Hato Mayor,1990.0,3501456.0,159.0,6.0,5.0,65.0,8.0,0.0,1.0,1488861.54,92270.16,64105.0,44076.0,2074890.22,55019.0,39581.4,1500.0,3300.0,102662.93,300.4166216,20.77856945991516,113.42488016614728,0.036654053905635,1297.96219174488,59679,72040,21,"1,357",13,24,0,5.5,136,1516,26122
4.0,2012,La Vega,1987.0,41397804.18,2404.0,122.0,51.0,2200.0,449.0,59.0,19.0,57437671.39,4885253.45,2583834.45,895640.7,58689408.68,1173226.0,920888.74,1727.62,3686.81,457256.1499,298.0937355,152.0453288115707,680.9297232856937,0.1947322851806457,4931.263092671072,314135,197252,107,"6,533",45,95,0,7.4,439,5773,105770
5.0,2012,SÃ¡nchez RamÃ­rez,1990.0,0.0,0.0,0.0,0.0,0.0,0.0,0.0,0.0,0.0,0.0,0.0,0.0,0.0,0.0,0.0,0.0,0.0,177630.77,301.0256209,62.86317881743113,470.22740626335144,0.1800588493156436,1725.1493472433558,138162,54801,36,"2,444",17,26,0,6.1,271,3168,41174
6.0,2012,SamanÃ¡,0.0,0.0,0.0,0.0,0.0,0.0,0.0,0.0,0.0,0.0,0.0,0.0,0.0,0.0,0.0,0.0,0.0,0.0,103576.9402,299.0713167,77.69929642677307,96.38245994810964,0.1141382366917496,502.5706415559146,79371,38801,22,"1,562",5,26,0,6.8,144,1711,29110
7.0,2012,ValverdeValverde,3981.0,21562882.0,579.0,64.0,54.0,1008.0,125.0,160.0,4.0,14917069.85,2096991.52,2067027.0,1070635.68,44572745.02,545494.34,373076.21,950.0,1850.0,185724.49,303.5115534,157.65202872893389,263.6776901483536,0.1480773593361469,1509.1944046538852,79455,88116,73,"2,782",9,31,0,5.7,176,2534,42328
8.0,2012,BarahonaBarahona,3999.0,54400000.0,16.0,0.0,13.0,232.0,56.0,24.0,2.0,29213861.28,1146066.47,643347.5,258552.4,20226367.31,349787.0,349787.0,1508.5,3100.0,201590.4804,300.7183485,81.70000953954809,455.9166159470876,0.088144876155628,1585.0311321028305,95254,141413,61,"4,705",17,33,0,8.4,232,3078,60987
9.0,2012,La RomanaLa Romana,3956.0,131356603.78,4309.0,113.0,136.0,1915.0,404.0,226.0,10.0,73730121.03999999,8784508.29,6355185.15,1539761.19,137301206.66,1269721.0,927215.0,1855.88,3704.425,256167.9598,302.7024676,422.9404419188406,1224.908235517203,0.8555758167990051,3772.928599435442,82983,54590,81,"4,601",14,64,0,3.8,296,4040,77944
10.0,2012,MonseÃ±or NouelMonseÃ±or NouelMonseÃ±or Nouel,5999.0,102231768.95,377.0,77.0,63.0,1058.0,400.0,66.0,4.0,277568798.79,4407459.32,3040262.0,926671.35,70420851.41,2154158.4,1856790.43,2099.6433333333334,5791.3,197801.72,299.1773425,71.68521583080292,474.2112326622009,0.3737309878985929,2141.7327348195463,117482,74733,65,"3,258",11,41,0,5.0,253,3151,51030
11.0,2012,Monte Cristi,0.0,0.0,0.0,0.0,0.0,0.0,0.0,0.0,0.0,0.0,0.0,0.0,0.0,0.0,0.0,0.0,0.0,0.0,130269.91,304.6140862,101.08798551559448,238.57423758506775,0.054525924293429,934.4659558557412,67387,60470,53,"1,242",8,27,0,7.9,157,1730,25544
12.0,2012,Pedernales,1991.0,17000000.0,194.0,3.0,8.0,156.0,18.0,4.0,1.0,875241.0,215354.0,458231.0,176254.0,9177708.51,100457.0,100457.0,1425.0,2800.0,25269.98002,300.8231801,7.8859015679826925,41.12196172545938,0.0070735577845494,539.6966479745566,6765,7247,7,279,2,3,0,5.0,29,421,7533
13.0,2012,Peravia,1986.0,10903773.99,324.0,75.0,10.0,191.0,49.0,12.0,6.0,10891060.06,2672284.25,619017.32,286146.0,2958098.68,430138.0,129855.0,2718.83,4803.13,200526.0401,302.0191622,234.07823835541225,800.5415059407552,0.372728873668967,1857.5327470197983,108486,125756,49,"3,067",12,57,0,6.3,155,2406,52696
14.0,2012,Puerto PlataPuerto Plata,4002.0,6387900.94,466.0,5.0,30.0,502.0,30.0,17.0,7.0,8351288.95,1926275.46,315526.0,82041.0,10192293.64,412793.17,192134.17,911.86,2250.0,353108.4795,301.6615178,55.86819163724488,1424.084402248906,0.3082770606374052,2795.068220371944,277370,90917,99,"4,049",20,61,0,4.9,488,5799,87281
15.0,2012,San JosÃ© de Ocoa,0.0,0.0,0.0,0.0,0.0,0.0,0.0,0.0,0.0,0.0,0.0,0.0,0.0,0.0,0.0,0.0,0.0,0.0,72952.71002,297.8469764,3.1940274238586426,40.10008430480957,0.0409521016231616,479.8062938378139,28187,49934,18,623,5,6,0,2.6,122,1275,15614
16.0,2012,San Juan,0.0,0.0,0.0,0.0,0.0,0.0,0.0,0.0,0.0,0.0,0.0,0.0,0.0,0.0,0.0,0.0,0.0,0.0,283787.3701,300.4649862,460.95910148527105,453.25883626937866,0.0742517828483091,2559.7431832944094,170609,141892,69,"4,073",22,53,0,5.4,370,4364,71806
17.0,2012,Santiago RodrÃ­guez,0.0,0.0,0.0,0.0,0.0,0.0,0.0,0.0,0.0,0.0,0.0,0.0,0.0,0.0,0.0,0.0,0.0,0.0,70259.20002,301.3434925,45.6753671169281,59.9918999671936,0.0323169371922921,531.9149931326218,44975,54298,15,"1,189",5,2,0,4.6,113,1203,14022
18.0,2012,Distrito Nacional,0.0,0.0,0.0,0.0,0.0,0.0,0.0,0.0,0.0,0.0,0.0,0.0,0.0,0.0,0.0,0.0,0.0,0.0,1063859.609,304.1864185,35.42027928595449,11759.905953801845,31.299643423464712,4689.228852081298,814098,417395,310,"40,113",51,331,0,3.6,933,12230,253853
19.0,2012,El Seibo,2000.0,350000.0,100.0,1.0,2.0,11.0,4.0,0.0,2.0,542318.0,77769.0,53038.0,34344.0,1503183.87,48563.0,48563.0,1567.62,3811.5,103071.31,301.1156006,3.320248603820801,120.21735990047456,0.0223559736876079,987.4968188965432,65326,37695,7,979,9,31,0,4.6,171,1845,24200
20.0,2012,Espaillat,1989.0,9765436.56,771.0,44.0,34.0,528.0,93.0,25.0,9.0,15231252.35,1362112.84,1038076.0,494624.01,36638223.68,512167.0,437409.31,1742.84,3550.31,262984.8398,300.9805311,10.986174807829016,487.06600511074066,0.3040029746003462,1942.9152377502592,197654,56919,47,"3,067",21,51,0,6.1,269,3421,56777
21.0,2012,Hermanas Mirabal,0.0,0.0,0.0,0.0,0.0,0.0,0.0,0.0,0.0,0.0,0.0,0.0,0.0,0.0,0.0,0.0,0.0,0.0,115436.95,301.0162778,3.155199088302313,64.82140467260399,0.1028291632671047,593.4448668342013,118045,45215,18,"1,412",10,23,0,6.1,166,1802,23332
22.0,2012,Independencia,0.0,0.0,0.0,0.0,0.0,0.0,0.0,0.0,0.0,0.0,0.0,0.0,0.0,0.0,0.0,0.0,0.0,0.0,61186.88002,301.734006,70.66992807388306,67.52807343006134,0.0220774623109636,672.0030605352391,22335,19823,12,661,1,15,0,6.1,66,803,15415
23.0,2012,Baoruco,0.0,0.0,0.0,0.0,0.0,0.0,0.0,0.0,0.0,0.0,0.0,0.0,0.0,0.0,0.0,0.0,0.0,0.0,108441.14,303.0429574,58.5058658842947,95.31624478358847,0.0319655349318888,902.2102114478744,24509,63155,17,"1,220",10,25,0,5.3,162,1858,32828
24.0,2012,Azua,0.0,0.0,0.0,0.0,0.0,0.0,0.0,0.0,0.0,0.0,0.0,0.0,0.0,0.0,0.0,0.0,0.0,0.0,247027.13,301.5608587,57.97219943532757,421.6235947608948,0.0576439564247013,1722.9516873034186,137059,83052,66,"3,808",14,41,0,4.8,249,3167,62463
25.0,2012,DajabÃ³n,0.0,0.0,0.0,0.0,0.0,0.0,0.0,0.0,0.0,0.0,0.0,0.0,0.0,0.0,0.0,0.0,0.0,0.0,73706.89996,303.3668514,36.93265659435123,43.691137158636955,0.0249701608472596,514.3367834611269,44080,34729,19,835,6,21,0,5.7,123,1245,18748
26.0,2012,La Altagracia,0.0,0.0,0.0,0.0,0.0,0.0,0.0,0.0,0.0,0.0,0.0,0.0,0.0,0.0,0.0,0.0,0.0,0.0,212666.72,301.2022582,1259.4197825202757,744.2604976892471,0.3437297536760426,6907.267812691366,79619,58955,62,"4,996",26,89,0,5.6,273,3378,75541
27.0,2012,MarÃ­a Trinidad SÃ¡nchez,0.0,0.0,0.0,0.0,0.0,0.0,0.0,0.0,0.0,0.0,0.0,0.0,0.0,0.0,0.0,0.0,0.0,0.0,153289.8703,300.5759842,52.79483642531376,229.5873237694011,0.1102875076380267,912.4497807031752,105674,53710,21,"2,465",7,22,0,3.3,263,2782,34923
28.0,2012,Santo DomingoSanto DomingoSanto DomingoSanto DomingoSanto DomingoSanto DomingoSanto DomingoSanto DomingoSanto DomingoSanto DomingoSanto DomingoSanto DomingoSanto DomingoSanto DomingoSanto DomingoSanto DomingoSanto DomingoSanto DomingoSanto Domingo,38054.0,819817615.42,13670.0,1288.0,957.0,7265.0,2563.0,1157.0,101.0,535904995.74,117768243.63,51806689.98,26743833.43,782855182.11,6062345.92,4367822.8,1816.1836842105265,3306.5205263157895,2109748.813,302.0396842,1943.0498070024976,17159.32653273087,4.321362555513721,20938.64921406847,1074895,827773,919,"26,337",136,784,0,4.0,2788,35466,685307
29.0,2012,Monte Plata,0.0,0.0,0.0,0.0,0.0,0.0,0.0,0.0,0.0,0.0,0.0,0.0,0.0,0.0,0.0,0.0,0.0,0.0,210956.15,300.4638268,22.858834981918335,110.77888488769533,0.0255623317234588,1368.7450866597535,134583,110768,63,"1,554",10,42,0,4.0,345,3783,58462
30.0,2012,San CristÃ³balSan CristÃ³balSan CristÃ³balSan CristÃ³balSan CristÃ³balSan CristÃ³bal,11976.0,449905944.23,7104.0,394.0,675.0,4471.0,1229.0,812.0,59.0,436797834.16,74634685.86,28731632.87,12052377.27,523682579.16,3633840.02,3267571.6700000004,2098.638333333333,3844.815,628918.8603,299.6270723,658.7425249674741,1633.6470077070535,0.7318694393809083,5334.075643057391,302491,273540,180,"8,617",30,128,0,4.4,694,9799,188777
31.0,2012,San Pedro de MacorÃ­sSan Pedro de MacorÃ­s,3961.0,156642724.44,5259.0,451.0,304.0,2596.0,903.0,268.0,48.0,207698905.53,19213671.82,12593379.06,2474330.44,205848515.66,3553321.26,3206921.8,1804.565,4412.205,346004.0295,302.6255384,712.7316345509362,1407.9823906758254,0.4742801079842356,4151.468739995185,142590,124355,108,"5,693",16,66,0,5.5,306,4290,94102
0.0,2013,SantiagoSantiagoSantiagoSantiagoSantiagoSantiagoSantiagoSantiagoSantiagoSantiagoSantiagoSantiagoSantiagoSantiagoSantiagoSantiagoSantiagoSantiagoSantiagoSantiagoSantiagoSantiagoSantiagoSantiagoSantiagoSantiagoSantiago,54172.0,687889722.47,0.0,0.0,0.0,0.0,0.0,0.0,173.0,609900941.48,61188425.89,45584578.35,53519201.05,1039132478.46,9149427.12,8735056.629999999,1243.0285185185185,2243.057407407407,1082052.41,300.1972209,771.8056693198635,9157.936366552463,1.2399270698909306,13316.444119062098,844993,325122,409,"19,529",57,207,408,5.8,1001,14041,268160
1.0,2013,DuarteDuarte,4003.0,18422061.16,0.0,0.0,0.0,0.0,0.0,0.0,3.0,7416478.58,2890719.28,500461.0,26718.0,11656997.39,198324.95,103482.58,2263.35,4837.5,337754.8399,300.761831,170.22527265642205,1145.3112618923187,0.359657196768218,2757.5170929184137,123577,117607,69,"5,322",26,79,211,7.1,432,5467,74346
2.0,2013,ElÃ­as PiÃ±a,0.0,0.0,0.0,0.0,0.0,0.0,0.0,0.0,0.0,0.0,0.0,0.0,0.0,0.0,0.0,0.0,0.0,0.0,78353.07995,302.2222608,238.56053206920623,60.35637092590332,0.0542541354850945,476.1576693298771,40116,50305,30,715,7,13,2,5.9,142,1395,22104
3.0,2013,Hato Mayor,1990.0,1141975.0,0.0,0.0,0.0,0.0,0.0,0.0,1.0,1362799.0,100173.0,116052.0,45932.4,6140043.1,711387.96,711387.96,1665.0,3800.0,103974.35,300.7134975,68.13206255435944,280.7393841593873,0.1191654327919801,1339.976736179988,57196,79432,16,998,6,13,21,6.0,138,1614,27498
4.0,2013,La Vega,1987.0,43884802.95,0.0,0.0,0.0,0.0,0.0,0.0,18.0,67115276.52,4497035.91,3403121.05,1050411.41,86171875.77,1122197.2,994814.98,1894.85,3737.21,463262.3499,297.9969409,311.5824286928364,1314.1668992804546,0.4230322181565774,5093.158311816465,318478,194101,130,"6,423",25,92,596,7.4,441,6203,105728
5.0,2013,SÃ¡nchez RamÃ­rez,1990.0,0.0,0.0,0.0,0.0,0.0,0.0,0.0,0.0,0.0,0.0,0.0,0.0,0.0,0.0,0.0,0.0,0.0,179940.84,301.1333708,214.77220490539776,942.008739709854,0.4420409779615262,1808.1044548453067,143790,58965,43,"2,371",11,23,17,7.3,272,3220,40799
6.0,2013,SamanÃ¡,0.0,0.0,0.0,0.0,0.0,0.0,0.0,0.0,0.0,0.0,0.0,0.0,0.0,0.0,0.0,0.0,0.0,0.0,104924.8302,299.2675709,140.92790408648696,147.44970015123778,0.1872642743068388,518.9419488909199,84197,44249,24,"1,531",5,14,23,6.7,143,1896,30251
7.0,2013,ValverdeValverde,3981.0,13765140.0,0.0,0.0,0.0,0.0,0.0,0.0,5.0,7783729.34,597288.45,829491.3,259071.2,36741950.52,545494.34,466714.26,1062.74,2218.75,188132.37,304.4347446,253.62010116390155,805.553318810463,0.4024355444368572,1560.666446448833,79301,91103,69,"2,738",13,36,52,9.3,176,2515,42402
8.0,2013,BarahonaBarahona,3999.0,25393296.56,0.0,0.0,0.0,0.0,0.0,0.0,2.0,46048904.4,4955098.67,1279695.8199999998,372688.4,21628107.81,348580.8,348580.8,2538.5,6250.0,203828.2704,301.3436851,321.23452395925335,1341.3490353948932,0.2722936436725267,1659.7575456995587,85587,151215,75,"4,863",9,47,189,7.9,239,3217,61728
9.0,2013,La RomanaLa Romana,3956.0,154009864.31,0.0,0.0,0.0,0.0,0.0,0.0,10.0,120598894.28,10837673.96,8367867.0,1907301.0,172914927.87,1097493.0,974085.0,1908.12,3695.315,259178.7198,303.5390653,927.1600980487524,2716.9457517418205,1.7016242033734268,3914.299496559302,65046,49617,70,"4,809",10,60,344,5.1,291,4143,79999
10.0,2013,MonseÃ±or NouelMonseÃ±or NouelMonseÃ±or Nouel,5999.0,215623549.47,0.0,0.0,0.0,0.0,0.0,0.0,5.0,336278819.64,3391494.94,4182345.4,1732993.5,85214005.72,2166951.67,2556608.55,2925.0033333333336,4695.526666666667,200365.1,299.0568541,140.48414874076843,472.8092476129532,0.4933881996064984,2210.976969850181,104673,91739,58,"3,246",14,53,301,3.7,251,3203,51344
11.0,2013,Monte Cristi,0.0,0.0,0.0,0.0,0.0,0.0,0.0,0.0,0.0,0.0,0.0,0.0,0.0,0.0,0.0,0.0,0.0,0.0,131967.69,305.0903618,274.42246739209867,485.0324195506526,0.1373502089960072,981.6393351707392,68870,69647,54,"1,133",6,27,10,8.1,155,1732,25839
12.0,2013,Pedernales,1991.0,11500000.0,0.0,0.0,0.0,0.0,0.0,0.0,1.0,2064024.15,285128.35,0.0,0.0,8609534.13,100457.0,100457.0,1580.0,3500.0,25607.22002,301.3809933,104.03882906062933,189.07321979064568,0.039357380550843,570.596007798583,14351,10158,9,301,1,5,2,6.2,30,386,7744
13.0,2013,Peravia,1986.0,4495089.35,0.0,0.0,0.0,0.0,0.0,0.0,5.0,2821259.32,412106.56,141818.72,157783.91,3959273.19,430138.0,97135.0,1885.83,4141.25,203129.3401,302.6816231,492.7666420085758,1031.942982210365,0.6060984955029376,1918.3341436862356,107784,139030,46,"3,174",13,46,375,7.4,155,2392,54250
14.0,2013,Puerto PlataPuerto Plata,4002.0,8095878.26,0.0,0.0,0.0,0.0,0.0,0.0,6.0,9195261.13,1004942.44,394529.82,118915.0,19794155.08,447903.0,310461.0,892.43,1987.055,357699.9295,302.1919024,84.01861028905009,1894.3009634635027,0.4899434443565517,2885.4345883686747,185703,113046,103,"4,531",23,69,183,6.0,488,5959,88440
15.0,2013,San JosÃ© de Ocoa,0.0,0.0,0.0,0.0,0.0,0.0,0.0,0.0,0.0,0.0,0.0,0.0,0.0,0.0,0.0,0.0,0.0,0.0,73902.08002,298.0624878,4.298745979982264,75.41807901859283,0.0543063403253467,495.3207357781775,29445,55377,12,722,5,6,11,3.7,121,1287,15696
16.0,2013,San Juan,0.0,0.0,0.0,0.0,0.0,0.0,0.0,0.0,0.0,0.0,0.0,0.0,0.0,0.0,0.0,0.0,0.0,0.0,287359.2601,300.9582506,1224.5824911360646,1706.485020873126,0.2249583854014633,2655.4195619286256,180865,159622,73,"4,204",17,38,68,5.6,372,4557,72655
17.0,2013,Santiago RodrÃ­guez,0.0,0.0,0.0,0.0,0.0,0.0,0.0,0.0,0.0,0.0,0.0,0.0,0.0,0.0,0.0,0.0,0.0,0.0,71164.68002,302.0996661,144.78303623199463,133.1895946264267,0.0793334485334529,549.7919268282021,41929,54630,33,"1,124",5,10,8,5.5,111,1225,13833
18.0,2013,Distrito Nacional,0.0,0.0,0.0,0.0,0.0,0.0,0.0,0.0,0.0,0.0,0.0,0.0,0.0,0.0,0.0,0.0,0.0,0.0,1077680.229,304.8297285,69.78917217254639,14168.66172249738,37.60984653015033,4840.839882525275,1259926,561907,311,"38,394",46,259,"1,092",4.6,936,12448,256011
19.0,2013,El Seibo,2000.0,400000.0,0.0,0.0,0.0,0.0,0.0,0.0,2.0,300000.0,13400.0,12320.0,21724.0,1636707.65,487111.04,487111.04,1671.34,3811.5,104492.58,301.527736,82.3531424999237,279.8499335050583,0.0751410049025718,1019.5313785640632,66889,40195,8,630,3,20,28,5.8,174,1983,25555
20.0,2013,Espaillat,1989.0,9242927.02,0.0,0.0,0.0,0.0,0.0,0.0,11.0,13507667.72,1773034.13,483472.85,715872.19,28452853.89,468504.33,438706.85,2043.0,3587.22,266395.0598,300.9625384,17.438359848190757,565.6999463866739,0.6030814575786629,2005.8668542634032,187611,63317,71,"3,092",15,42,419,8.1,270,3639,55849
21.0,2013,Hermanas Mirabal,0.0,0.0,0.0,0.0,0.0,0.0,0.0,0.0,0.0,0.0,0.0,0.0,0.0,0.0,0.0,0.0,0.0,0.0,116936.77,300.9733163,6.345660496693031,216.37305831768933,0.442630458561578,630.1779784391913,127622,41805,16,"1,451",11,18,37,4.9,161,1791,22837
22.0,2013,Independencia,0.0,0.0,0.0,0.0,0.0,0.0,0.0,0.0,0.0,0.0,0.0,0.0,0.0,0.0,0.0,0.0,0.0,0.0,62047.95002,302.5089634,92.95968234539032,130.44922286482418,0.0372677168363169,693.7627931423048,23522,17666,11,651,3,16,6,5.5,67,764,15830
23.0,2013,Baoruco,0.0,0.0,0.0,0.0,0.0,0.0,0.0,0.0,0.0,0.0,0.0,0.0,0.0,0.0,0.0,0.0,0.0,0.0,109610.37,303.7190586,194.2508790838952,283.13113749541486,0.0998216179232329,932.662644256564,21057,77424,29,"1,429",6,33,16,4.7,163,1909,33965
24.0,2013,Azua,0.0,0.0,0.0,0.0,0.0,0.0,0.0,0.0,0.0,0.0,0.0,0.0,0.0,0.0,0.0,0.0,0.0,0.0,250331.57,302.2871077,156.33242595523012,1163.7737594253877,0.1552285950734925,1779.1924356928644,138050,102263,68,"4,114",11,32,36,6.5,249,3353,64558
25.0,2013,DajabÃ³n,0.0,0.0,0.0,0.0,0.0,0.0,0.0,0.0,0.0,0.0,0.0,0.0,0.0,0.0,0.0,0.0,0.0,0.0,74649.56996,303.6486031,116.4363657437119,105.94516184703976,0.0645208165715395,533.0145821727955,40580,28920,22,795,3,11,7,6.9,124,1327,18855
26.0,2013,La Altagracia,0.0,0.0,0.0,0.0,0.0,0.0,0.0,0.0,0.0,0.0,0.0,0.0,0.0,0.0,0.0,0.0,0.0,0.0,215127.43,301.7694797,1654.1840034924303,1264.1248593330383,0.4711457258145058,7130.78456260036,72291,58529,69,"5,083",29,77,528,7.8,288,3485,81540
27.0,2013,MarÃ­a Trinidad SÃ¡nchez,0.0,0.0,0.0,0.0,0.0,0.0,0.0,0.0,0.0,0.0,0.0,0.0,0.0,0.0,0.0,0.0,0.0,0.0,155284.7103,300.5302375,96.51647154116164,204.74656380204593,0.1156644140136136,941.949534590221,65894,29917,35,"2,378",17,29,35,2.0,257,2926,35147
28.0,2013,Santo DomingoSanto DomingoSanto DomingoSanto DomingoSanto DomingoSanto DomingoSanto DomingoSanto DomingoSanto DomingoSanto DomingoSanto DomingoSanto DomingoSanto DomingoSanto DomingoSanto DomingoSanto DomingoSanto DomingoSanto DomingoSanto Domingo,38054.0,933587370.38,0.0,0.0,0.0,0.0,0.0,0.0,107.0,746587109.11,122356736.23,44666181.09,28807018.22,960667358.71,6372708.26,5094971.34,1875.0773684210528,3633.5815789473686,2137161.413,303.0600686,3824.779813853899,20371.68984442225,5.419559147958314,21626.0563891357,835100,744673,974,"27,700",100,662,"2,442",4.3,2793,35661,711500
29.0,2013,Monte Plata,0.0,0.0,0.0,0.0,0.0,0.0,0.0,0.0,0.0,0.0,0.0,0.0,0.0,0.0,0.0,0.0,0.0,0.0,213698.1,300.9693386,61.76256859302521,151.91095983982086,0.0559660390138471,1414.0297424843495,132016,128448,71,"1,354",16,37,43,3.5,346,4071,59874
30.0,2013,San CristÃ³balSan CristÃ³balSan CristÃ³balSan CristÃ³balSan CristÃ³balSan CristÃ³bal,11976.0,486192523.06,0.0,0.0,0.0,0.0,0.0,0.0,59.0,572377792.71,99733100.43,27847439.78,6598998.119999999,564735505.01,3606389.95,3315420.8000000003,2217.9933333333333,4100.531666666667,637073.4703,300.0145774,1538.0087237708708,2615.9280677449474,1.1999257737852456,5507.133167692201,325734,339217,202,"8,993",35,120,793,5.2,692,9492,194817
31.0,2013,San Pedro de MacorÃ­sSan Pedro de MacorÃ­s,3961.0,141671347.17,0.0,0.0,0.0,0.0,0.0,0.0,47.0,199983264.93,18757530.11,10011715.56,2629339.68,236932348.15,3317401.09,3017887.42,2352.885,4923.83,350533.8694,303.4471649,1442.6298805395763,2771.971256168684,0.9129899091995554,4310.943731613253,153965,159925,95,"6,557",19,74,345,4.3,302,4375,96909
0.0,2014,SantiagoSantiagoSantiagoSantiagoSantiagoSantiagoSantiagoSantiagoSantiagoSantiagoSantiagoSantiagoSantiagoSantiagoSantiagoSantiagoSantiagoSantiagoSantiagoSantiagoSantiagoSantiagoSantiagoSantiagoSantiagoSantiagoSantiago,54172.0,733601175.7,18170.0,1477.0,1237.0,18622.0,3912.0,1436.0,188.0,802878348.79,77092251.39,56029813.24999999,69235184.08,1160814967.24,9297495.83,8976430.67,1471.7837037037038,2870.54037037037,1095747.05,300.7559508,845.51971672376,10352.097625223796,1.4121172258744354,13955.302195963846,900346,415367,388,"17,903",69,171,290,5.6,1014,14255,263982
1.0,2014,DuarteDuarte,4003.0,18544510.7,67.0,10.0,6.0,149.0,46.0,10.0,3.0,5712695.94,1457503.03,600808.2,27803.33,12838872.87,207134.35,103482.58,2353.0699999999997,4445.17,342046.3099,301.070361,191.36579135632985,1309.631136894226,0.4116231328400441,2888.792640008646,215683,117477,55,"5,197",24,73,243,7.2,429,5585,74417
2.0,2014,ElÃ­as PiÃ±a,0.0,0.0,0.0,0.0,0.0,0.0,0.0,0.0,0.0,0.0,0.0,0.0,0.0,0.0,0.0,0.0,0.0,0.0,79332.06995,302.5241386,306.1746429017946,41.6845817565918,0.0634274981129315,499.85723143973775,57428,37609,23,820,0,14,2,6.7,140,1381,22165
3.0,2014,Hato Mayor,1990.0,1201975.0,120.0,12.0,7.0,51.0,10.0,2.0,1.0,2015763.11,242151.71,213042.0,45932.4,0.0,88375.65,79397.6,1666.0,5000.0,105296.31,301.1725273,93.15658593925777,283.9232564299714,0.1310729009451511,1415.6461636274462,67470,69010,19,921,7,13,13,8.9,142,1833,28846
4.0,2014,La Vega,1987.0,44213754.4,2992.0,158.0,102.0,2982.0,468.0,131.0,16.0,129657135.5,4984907.91,11961332.15,1886356.32,102344837.0,1122197.2,1067969.53,1942.0,4189.4,469151.9899,298.7035542,274.3150349761925,1463.5279997423584,0.4694072241873294,5318.677623782203,349913,174960,129,"6,460",35,73,335,6.0,452,6160,105039
5.0,2014,SÃ¡nchez RamÃ­rez,1990.0,0.0,0.0,0.0,0.0,0.0,0.0,0.0,0.0,0.0,0.0,0.0,0.0,0.0,0.0,0.0,0.0,0.0,182233.22,301.3317754,163.6041267156601,837.1398965120316,0.3777690323545061,1896.386016082443,154944,63192,35,"2,485",7,22,29,7.8,282,3331,40775
6.0,2014,SamanÃ¡,0.0,0.0,0.0,0.0,0.0,0.0,0.0,0.0,0.0,0.0,0.0,0.0,0.0,0.0,0.0,0.0,0.0,0.0,106269.4902,299.4920677,153.35415053274116,161.26828872690012,0.1872773809408394,544.520921425375,87982,55112,17,"1,450",5,20,22,8.2,145,1816,31145
7.0,2014,ValverdeValverde,3981.0,22563480.0,727.0,90.0,49.0,1662.0,188.0,138.0,6.0,12163312.0,1150624.84,1421702.34,316144.6,53087174.97,545494.34,545494.34,1125.815,2442.855,190534.06,304.8475067,292.8626852732079,1021.5922936518988,0.4940356420681185,1647.6363789222405,83199,95534,54,"2,917",11,27,41,7.1,180,2691,41172
8.0,2014,BarahonaBarahona,3999.0,20678000.0,523.0,157.0,23.0,515.0,157.0,74.0,2.0,11497156.131,2698535.73,415468.0,199434.4,15886205.29,348579.87,348579.87,2683.3,6850.0,206476.7004,301.6915344,373.4329734666675,1501.20313474945,0.3117298578278042,1736.6699157510322,87235,165007,80,"4,876",11,43,138,8.5,240,3421,62165
9.0,2014,La RomanaLa Romana,3956.0,175992584.20000002,4148.0,360.0,224.0,1979.0,374.0,263.0,11.0,148532273.91,18911493.78,10665589.67,1941729.35,182708768.57,1134235.0,1046204.0,2359.16,5465.65,262485.2798,304.0313999,810.6534712108911,2795.6399714339013,1.6943616607206078,4101.607737436132,76798,58388,60,"4,962",11,48,222,6.2,282,4019,81821
10.0,2014,MonseÃ±or NouelMonseÃ±or NouelMonseÃ±or Nouel,5999.0,215917893.0,392.0,46.0,84.0,1616.0,465.0,79.0,5.0,342777165.95,6548008.359999999,5486864.25,3239234.18,109574129.24,2235307.52,1873141.33,3639.0,5764.556666666666,202916.4,299.5601498,107.51054072380066,531.6410641670227,0.4044468003758768,2308.2068021382775,110051,116237,50,"3,528",10,28,233,3.5,254,3366,50658
11.0,2014,Monte Cristi,0.0,0.0,0.0,0.0,0.0,0.0,0.0,0.0,0.0,0.0,0.0,0.0,0.0,0.0,0.0,0.0,0.0,0.0,133644.02,305.9574091,253.66345331949347,481.1408176169676,0.1353523919281444,1033.5605653980783,94408,81488,48,"1,502",11,19,7,10.8,158,1877,25503
12.0,2014,Pedernales,1991.0,9000000.0,182.0,0.0,8.0,165.0,7.0,7.0,1.0,1712396.98,416231.83,0.0,0.0,733991.4,100457.0,100457.0,1805.0,3500.0,25931.49002,301.6174106,97.75267019084856,202.50840504683703,0.0416055844013779,596.2869288903827,16978,15445,4,339,0,5,3,5.5,29,392,8430
13.0,2014,Peravia,1986.0,4170565.5,159.0,4.0,16.0,201.0,77.0,31.0,7.0,2783958.92,958293.04,238145.6,289496.4,4263878.51,430138.0,235911.0,1891.12,4004.09,205733.3401,302.9591471,580.9705627717224,1170.0321629879522,0.7084728568226041,2013.017024577424,116222,157013,67,"3,135",17,41,284,8.6,161,2474,54698
14.0,2014,Puerto PlataPuerto Plata,4002.0,8553756.2,389.0,16.0,26.0,375.0,77.0,20.0,6.0,9095511.43,901997.26,608851.0,120081.5,19743281.3,447903.0,390491.0,955.2,1787.5,362245.1795,302.7166903,81.91974165159112,2046.4932400493055,0.5259332683376656,3004.786916172445,261756,170996,88,"4,781",20,59,104,5.7,496,5962,89646
15.0,2014,San JosÃ© de Ocoa,0.0,0.0,0.0,0.0,0.0,0.0,0.0,0.0,0.0,0.0,0.0,0.0,0.0,0.0,0.0,0.0,0.0,0.0,74843.52002,298.4049309,19.424156516206033,73.08998274803162,0.068549547190514,519.2559080691898,34123,67502,18,775,6,7,17,4.1,120,1338,15454
16.0,2014,San Juan,0.0,0.0,0.0,0.0,0.0,0.0,0.0,0.0,0.0,0.0,0.0,0.0,0.0,0.0,0.0,0.0,0.0,0.0,291169.4501,301.6334107,1341.1657796649374,1846.293793616108,0.2485860057253592,2784.404663382675,177991,181893,74,"4,852",19,42,63,7.4,376,4298,72946
17.0,2014,Santiago RodrÃ­guez,0.0,0.0,0.0,0.0,0.0,0.0,0.0,0.0,0.0,0.0,0.0,0.0,0.0,0.0,0.0,0.0,0.0,0.0,72141.81002,302.3030575,156.86121940612793,128.35067629814148,0.0829215499649363,575.9809417815773,37964,60772,15,"1,082",7,7,8,4.3,114,1245,13896
18.0,2014,Distrito Nacional,0.0,0.0,0.0,0.0,0.0,0.0,0.0,0.0,0.0,0.0,0.0,0.0,0.0,0.0,0.0,0.0,0.0,0.0,1091401.159,304.7927649,16.423789978027344,14436.639803852757,38.33787601152632,4965.025892414766,1550459,624022,308,"38,500",34,250,"1,010",5.6,926,12218,254953
19.0,2014,El Seibo,2000.0,500000.0,130.0,2.0,9.0,7.0,2.0,6.0,2.0,855805.0,93528.0,85058.0,39802.0,1836406.72,48711.04,48711.04,1707.5,3722.5,105817.88,301.8588458,68.26850616931915,286.4998517036438,0.0807829386255579,1067.7929227474856,61786,60453,10,748,4,18,16,5.0,177,1935,25522
20.0,2014,Espaillat,1989.0,12577321.8,563.0,24.0,36.0,408.0,94.0,23.0,9.0,21318131.04,1182812.63,1260126.8,1221553.99,24517943.22,468504.33,427110.8,2316.78,4106.91,269793.9298,301.5815289,29.036651075587553,763.4039283518698,0.7191120588080991,2099.7792889537764,188422,93452,62,"2,931",15,32,235,6.8,277,3732,55419
21.0,2014,Hermanas Mirabal,0.0,0.0,0.0,0.0,0.0,0.0,0.0,0.0,0.0,0.0,0.0,0.0,0.0,0.0,0.0,0.0,0.0,0.0,118427.32,301.4233236,8.411124309838987,247.9544163386027,0.5115401052468477,664.2110493652962,117565,41044,22,"1,436",7,18,17,5.9,158,2064,22594
22.0,2014,Independencia,0.0,0.0,0.0,0.0,0.0,0.0,0.0,0.0,0.0,0.0,0.0,0.0,0.0,0.0,0.0,0.0,0.0,0.0,62834.62002,302.967356,298.81369602680206,166.46886647916307,0.0774706770344085,745.5978070331553,24672,40742,16,619,2,10,8,10.8,68,962,17020
23.0,2014,Baoruco,0.0,0.0,0.0,0.0,0.0,0.0,0.0,0.0,0.0,0.0,0.0,0.0,0.0,0.0,0.0,0.0,0.0,0.0,111136.47,304.2536745,271.45333488127767,387.1056406240837,0.1486049492030481,985.358941124701,20985,91870,33,"1,443",11,21,13,5.5,164,2076,33461
24.0,2014,Azua,0.0,0.0,0.0,0.0,0.0,0.0,0.0,0.0,0.0,0.0,0.0,0.0,0.0,0.0,0.0,0.0,0.0,0.0,253272.89,302.9022852,193.003939648703,1362.3898549608157,0.1847818837294085,1875.2088755739671,119847,100568,71,"4,299",18,36,44,5.6,253,3456,66415
25.0,2014,DajabÃ³n,0.0,0.0,0.0,0.0,0.0,0.0,0.0,0.0,0.0,0.0,0.0,0.0,0.0,0.0,0.0,0.0,0.0,0.0,75594.13996,303.9658391,175.55852825033892,138.2652143880433,0.0886419004097579,563.9065816128957,43605,35935,22,963,8,15,8,7.3,126,1353,19053
26.0,2014,La Altagracia,0.0,0.0,0.0,0.0,0.0,0.0,0.0,0.0,0.0,0.0,0.0,0.0,0.0,0.0,0.0,0.0,0.0,0.0,217885.94,302.5041716,1274.9479126200954,1339.6964483261108,0.5090975255216421,7474.94722927949,83524,70106,55,"5,179",26,75,385,8.6,288,3627,85380
27.0,2014,MarÃ­a Trinidad SÃ¡nchez,0.0,0.0,0.0,0.0,0.0,0.0,0.0,0.0,0.0,0.0,0.0,0.0,0.0,0.0,0.0,0.0,0.0,0.0,157264.0303,300.8834627,87.34106640488494,231.37679381370543,0.1277221694803329,987.5959938546022,106407,63643,37,"2,547",13,19,30,5.9,255,2831,35875
28.0,2014,Santo DomingoSanto DomingoSanto DomingoSanto DomingoSanto DomingoSanto DomingoSanto DomingoSanto DomingoSanto DomingoSanto DomingoSanto DomingoSanto DomingoSanto DomingoSanto DomingoSanto DomingoSanto DomingoSanto DomingoSanto DomingoSanto Domingo,38054.0,1102935232.0,13624.0,2570.0,1069.0,6099.0,3933.0,1278.0,105.0,1040204323.96,104540259.97,56879600.65,31237764.03,1014147487.73,6494594.04,5808829.66,2150.166842105263,3527.2021052631576,2164370.963,303.1758132,3008.503251744251,21231.27938777792,5.600543415136831,22969.520325906153,1393037,1142446,995,"29,483",87,580,"1,349",6.2,2769,35485,727718
29.0,2014,Monte Plata,0.0,0.0,0.0,0.0,0.0,0.0,0.0,0.0,0.0,0.0,0.0,0.0,0.0,0.0,0.0,0.0,0.0,0.0,216427.48,301.0473826,40.29124057292938,133.89678263664246,0.0496585243116841,1485.4599941834508,124957,146853,60,"1,760",16,29,31,4.6,348,3994,61221
30.0,2014,San CristÃ³balSan CristÃ³balSan CristÃ³balSan CristÃ³balSan CristÃ³balSan CristÃ³bal,11976.0,553360224.6,7162.0,656.0,764.0,5003.0,1611.0,909.0,62.0,687512699.36,107658281.1,30233449.43,7116712.6,629922819.64,3606389.95,3187990.3600000003,2374.3716666666664,4185.588333333333,645189.9503,300.0491055,1209.5255798503465,2797.600431719013,1.2638078620373074,5743.202768851055,343822,406564,207,"9,490",25,108,545,8.2,709,10027,198856
31.0,2014,San Pedro de MacorÃ­sSan Pedro de MacorÃ­s,3961.0,158722259.20000002,5680.0,308.0,313.0,2945.0,812.0,365.0,46.0,236581539.16000003,22424681.74,12254481.15,2523561.85,255205208.34,4223599.09,4006042.13,2386.885,5130.37,355002.8394,304.5143532,1426.5121485004238,2982.077060838774,0.977813338668655,4514.5921705688925,153199,161976,85,"6,588",21,67,242,6.7,311,4742,96581
0.0,2015,SantiagoSantiagoSantiagoSantiagoSantiagoSantiagoSantiagoSantiagoSantiagoSantiagoSantiagoSantiagoSantiagoSantiagoSantiagoSantiagoSantiagoSantiagoSantiagoSantiagoSantiagoSantiagoSantiagoSantiagoSantiagoSantiagoSantiago,54172.0,877246646.4,20071.0,1346.0,1573.0,18952.0,3877.0,1700.0,197.0,783495478.04,88373138.41,62432795.92,76216824.9,1668197649.18,9917207.22,9564173.74,1861.8155555555552,3640.307407407407,1063884.65,301.2815839,557.5021021080952,11210.182359782855,1.5211822852548873,14606.258881248326,855450,365666,256,"19,276",68,204,226,5.4,967,11079,259242
1.0,2015,DuarteDuarte,4003.0,17328060.299999997,70.0,14.0,53.0,88.0,43.0,70.0,3.0,8765173.78,2444582.42,671853.87,434817.16,35908875.79,207134.35,107466.94,2419.955,4595.719999999999,322347.88,301.816694,214.98794197615456,1638.5863444805143,0.5091225810013227,3032.741399664854,245192,115215,54,"5,082",15,70,237,8.0,410,3948,72331
2.0,2015,ElÃ­as PiÃ±a,0.0,0.0,0.0,0.0,0.0,0.0,0.0,0.0,0.0,0.0,0.0,0.0,0.0,0.0,0.0,0.0,0.0,0.0,71915.92996,302.9711398,309.50768663696215,34.0279598236084,0.0634859403087489,524.0321484690788,64154,32556,19,779,4,11,6,8.5,138,946,21650
3.0,2015,Hato Mayor,1990.0,1401975.0,119.0,11.0,7.0,51.0,10.0,2.0,1.0,2316299.2,242151.71,213042.0,45932.4,0.0,88375.65,79397.6,1666.0,5000.0,93890.42997,301.642393,80.65240430644914,275.71147873541884,0.1365426764283277,1481.9221904914757,73600,66251,9,"1,443",4,12,18,6.9,133,1163,29487
4.0,2015,La Vega,1987.0,49863556.7,3053.0,125.0,70.0,2901.0,453.0,77.0,17.0,61770972.74,5568246.32,4513150.0,1793569.0,107008260.7,1122197.0,1122197.0,2176.73,4754.71,438325.0599,298.9922864,372.75593876464694,1876.146358629769,0.6031184814711977,5573.774969514387,409669,192358,69,"6,369",30,69,415,5.9,435,4705,102894
5.0,2015,SÃ¡nchez RamÃ­rez,1990.0,0.0,0.0,0.0,0.0,0.0,0.0,0.0,0.0,0.0,0.0,0.0,0.0,0.0,0.0,0.0,0.0,0.0,167294.73,301.8845557,172.57243419254527,941.8978213071824,0.4215635824235996,1988.8108231106512,168772,56224,19,"2,246",6,25,33,6.6,264,2302,40368
6.0,2015,SamanÃ¡,0.0,0.0,0.0,0.0,0.0,0.0,0.0,0.0,0.0,0.0,0.0,0.0,0.0,0.0,0.0,0.0,0.0,0.0,106230.6601,300.0614324,179.64290798177905,182.32170079829643,0.1919895201594555,569.8018219246585,99770,50890,29,"1,370",7,22,24,6.3,142,1309,31018
7.0,2015,ValverdeValverde,3981.0,21882449.0,993.0,88.0,54.0,1770.0,192.0,140.0,6.0,28329627.02,4242648.8,2938003.2,1690076.12,68525580.21,548530.94,548530.94,1175.745,2612.69,182691.39,305.4937467,282.7805592284483,1238.4520335047853,0.6198838328298171,1731.7702480548144,72432,94650,51,"2,771",14,24,43,7.2,174,1757,40284
8.0,2015,BarahonaBarahona,3999.0,20678000.0,734.0,70.0,44.0,694.0,94.0,77.0,2.0,49702477.49,4452938.43,968775.24,620611.73,59380628.2,348579.87,348579.87,1850.0,3309.5,199046.4603,302.1866031,334.5673411420747,1374.1855694565118,0.2851092484420167,1819.6515817267057,99946,192870,48,"4,386",7,42,112,6.7,236,2351,62550
9.0,2015,La RomanaLa Romana,3956.0,227180019.2,4570.0,287.0,241.0,1912.0,482.0,342.0,12.0,150352100.06,16398530.42,11440829.38,2399512.25,219594418.53,1134235.0,1078250.78,2566.09,4846.825,269660.2198,304.843666,831.7992757848665,2868.595254737723,1.7789093249673598,4292.724380777045,110153,73302,64,"4,611",11,43,229,6.6,265,3281,81503
10.0,2015,MonseÃ±or NouelMonseÃ±or NouelMonseÃ±or Nouel,5999.0,216250218.0,431.0,48.0,75.0,1618.0,471.0,81.0,5.0,353608568.75,4949098.5,6147511.25,2813207.74,127899842.82,2204403.35,1983042.99,3072.89,5665.360000000001,183293.07,299.5093489,66.25410532951355,601.3709264993668,0.4340170461984366,2415.403630991426,126610,105754,26,"3,208",6,30,300,3.4,235,2397,49313
11.0,2015,Monte Cristi,0.0,0.0,0.0,0.0,0.0,0.0,0.0,0.0,0.0,0.0,0.0,0.0,0.0,0.0,0.0,0.0,0.0,0.0,121715.85,306.5554293,245.60944489030277,471.493531889074,0.1474738753031351,1086.4011710587672,78671,64708,41,"1,321",10,18,6,9.3,147,1183,25952
12.0,2015,Pedernales,1991.0,11829180.1,248.0,0.0,7.0,244.0,7.0,13.0,1.0,1641805.95,318687.67,0.0,0.0,0.0,100457.0,100457.0,1800.0,3500.0,34467.80008,302.0094028,83.65996240728042,192.4444231636384,0.0380233864944255,624.0957448734957,14853,9836,4,306,1,6,0,5.5,27,259,8462
13.0,2015,Peravia,1986.0,5021427.1,255.0,23.0,26.0,131.0,40.0,33.0,7.0,4967735.6,1478174.86,404979.81,429835.08,5068662.78,430138.0,235911.0,2365.14,5295.21,204348.5201,304.1838679,960.1636672445372,1243.2834917208727,0.8994988707378708,2124.232391696876,110237,144029,44,"3,221",18,51,136,8.3,165,2100,55337
14.0,2015,Puerto PlataPuerto Plata,4002.0,12873522.6,484.0,22.0,46.0,406.0,83.0,24.0,9.0,13816381.09,2037517.29,1150966.61,231799.5,27061971.07,447903.0,412368.0,1130.42,1892.5,339833.6196,303.4776369,144.229752405952,2279.562236505863,0.5976008408535296,3148.077079074814,257247,190564,67,"4,574",29,50,147,5.8,473,4614,87778
15.0,2015,San JosÃ© de Ocoa,0.0,0.0,0.0,0.0,0.0,0.0,0.0,0.0,0.0,0.0,0.0,0.0,0.0,0.0,0.0,0.0,0.0,0.0,65638.86002,298.7335061,22.71938475300284,75.03153479099274,0.0624670114566407,544.6580972438935,34639,60196,9,714,2,10,1,3.2,118,925,15360
16.0,2015,San Juan,0.0,0.0,0.0,0.0,0.0,0.0,0.0,0.0,0.0,0.0,0.0,0.0,0.0,0.0,0.0,0.0,0.0,0.0,257620.1601,302.2011578,1202.730596245504,1775.4034643028297,0.2426178782810764,2921.064089344883,185571,174680,59,"4,477",16,39,57,5.2,365,3111,71092
17.0,2015,Santiago RodrÃ­guez,0.0,0.0,0.0,0.0,0.0,0.0,0.0,0.0,0.0,0.0,0.0,0.0,0.0,0.0,0.0,0.0,0.0,0.0,63428.52001,302.9522379,172.54732131958008,140.4287233352661,0.0931740595428948,603.218204313049,34206,50061,13,946,10,6,1,5.1,109,872,13380
18.0,2015,Distrito Nacional,0.0,0.0,0.0,0.0,0.0,0.0,0.0,0.0,0.0,0.0,0.0,0.0,0.0,0.0,0.0,0.0,0.0,0.0,1068770.919,305.1342227,0.0,14378.610756898392,38.07832356898781,5194.563808560839,1709411,582903,378,"34,365",42,182,801,5.4,885,10716,255827
19.0,2015,El Seibo,2000.0,500000.0,114.0,1.0,4.0,17.0,3.0,1.0,2.0,909547.0,138000.0,107324.0,22344.0,2171268.1,48711.04,48711.04,1937.85,2875.0,95017.14001,302.5738923,49.54269170761109,301.2557455301285,0.0922684429322372,1123.89415280854,50158,55378,9,812,0,19,4,5.1,168,1271,25696
20.0,2015,Espaillat,1989.0,11770957.9,654.0,19.0,37.0,417.0,57.0,30.0,8.0,14446956.15,1565896.24,1086792.0,713009.0,32723267.31,476986.97,437107.2,2597.49,4287.64,257331.9899,302.1355328,34.42295575141907,863.3003272804559,0.8247823842801009,2201.3325044185503,182282,87120,45,"2,856",16,52,251,5.2,274,2684,54802
21.0,2015,Hermanas Mirabal,0.0,0.0,0.0,0.0,0.0,0.0,0.0,0.0,0.0,0.0,0.0,0.0,0.0,0.0,0.0,0.0,0.0,0.0,103041.28,301.7971681,1.9755003620596496,328.80968272686005,0.6091159684614891,708.3932261116366,122503,40096,25,"1,309",6,19,27,6.4,153,1362,22232
22.0,2015,Independencia,0.0,0.0,0.0,0.0,0.0,0.0,0.0,0.0,0.0,0.0,0.0,0.0,0.0,0.0,0.0,0.0,0.0,0.0,59359.06002,303.5685596,234.89307928085327,174.04124910971697,0.0823793906735357,785.794880027163,24231,20480,12,404,3,19,4,5.1,67,589,17434
23.0,2015,Baoruco,0.0,0.0,0.0,0.0,0.0,0.0,0.0,0.0,0.0,0.0,0.0,0.0,0.0,0.0,0.0,0.0,0.0,0.0,107600.82,304.8740855,273.3266445057065,436.5482245463951,0.1592690514869827,1041.596831780672,18706,78387,25,"1,328",5,23,12,7.5,162,1410,33962
24.0,2015,Azua,0.0,0.0,0.0,0.0,0.0,0.0,0.0,0.0,0.0,0.0,0.0,0.0,0.0,0.0,0.0,0.0,0.0,0.0,238169.7,303.6053208,167.36741303135366,1330.946149095367,0.1768987143027578,1966.6430482568117,123520,115805,56,"3,650",21,25,15,5.4,250,2577,66771
25.0,2015,DajabÃ³n,0.0,0.0,0.0,0.0,0.0,0.0,0.0,0.0,0.0,0.0,0.0,0.0,0.0,0.0,0.0,0.0,0.0,0.0,68760.82998,304.6190898,184.73379594952448,145.67684252963346,0.1087521753858626,590.5935426556597,53129,31172,24,938,6,11,1,7.2,122,929,18507
26.0,2015,La Altagracia,0.0,0.0,0.0,0.0,0.0,0.0,0.0,0.0,0.0,0.0,0.0,0.0,0.0,0.0,0.0,0.0,0.0,0.0,300099.72,302.9224431,1271.2013246218364,1413.027939081192,0.5604964969860848,7831.412227727502,80312,81505,70,"5,308",23,67,387,7.0,274,2924,88899
27.0,2015,MarÃ­a Trinidad SÃ¡nchez,0.0,0.0,0.0,0.0,0.0,0.0,0.0,0.0,0.0,0.0,0.0,0.0,0.0,0.0,0.0,0.0,0.0,0.0,151410.5803,301.6578606,87.15824462432488,258.1015189867394,0.1439731209926579,1035.5120396340596,118441,81563,35,"2,505",5,23,13,5.2,243,2002,35547
28.0,2015,Santo DomingoSanto DomingoSanto DomingoSanto DomingoSanto DomingoSanto DomingoSanto DomingoSanto DomingoSanto DomingoSanto DomingoSanto DomingoSanto DomingoSanto DomingoSanto DomingoSanto DomingoSanto DomingoSanto DomingoSanto DomingoSanto Domingo,38054.0,1029950993.6,14365.0,2349.0,1217.0,6372.0,4004.0,1176.0,107.0,1039356440.43,122409527.44,55927919.33,32237699.08,1353440008.5,6429321.970000001,5722975.43,2107.11,3848.764736842106,2596075.343,303.3941351,1956.9197852256252,22013.52361093315,5.797721886101855,24029.63909296417,1347213,1006142,837,"32,038",113,433,"1,605",5.3,2487,29474,729535
29.0,2015,Monte Plata,0.0,0.0,0.0,0.0,0.0,0.0,0.0,0.0,0.0,0.0,0.0,0.0,0.0,0.0,0.0,0.0,0.0,0.0,206177.64,301.2838495,25.799792289733887,124.20824933052064,0.0512702214907832,1554.968983114292,151146,176136,70,"1,922",10,29,31,6.0,346,2972,62042
30.0,2015,San CristÃ³balSan CristÃ³balSan CristÃ³balSan CristÃ³balSan CristÃ³balSan CristÃ³bal,11976.0,435313846.7000001,7492.0,691.0,885.0,5318.0,1526.0,1019.0,62.0,755044658.44,138767084.8,33089830.45,10883888.19,743899688.06,3209772.0,3014701.41,2425.103333333333,4331.33,630950.3603,300.6644712,939.7387567982956,2777.4593620024475,1.2852889757005386,6015.075975507235,410747,409347,156,"9,283",22,117,533,6.5,671,7490,198572
31.0,2015,San Pedro de MacorÃ­sSan Pedro de MacorÃ­s,3961.0,301481303.40000004,6648.0,344.0,350.0,3407.0,1072.0,439.0,50.0,232099195.69,20536409.15,15332161.42,2388767.6700000004,319456887.58,4223599.09,4125741.96,2435.5649999999996,5164.7,313451.9494,304.9582349,1570.5377078229308,3200.0573254323467,1.1101034606135312,4730.989289973647,212076,163276,90,"5,719",17,59,190,7.0,299,3639,95428
0.0,2016,SantiagoSantiagoSantiagoSantiagoSantiagoSantiagoSantiagoSantiagoSantiagoSantiagoSantiagoSantiagoSantiagoSantiagoSantiagoSantiagoSantiagoSantiagoSantiagoSantiagoSantiagoSantiagoSantiagoSantiagoSantiagoSantiagoSantiago,54172.0,1004293302.36,19408.0,1752.0,1568.0,19196.0,4653.0,1601.0,206.0,925555.19,94357.38,68081.89,77454.41,1374479.2,11323706.51,10970193.49,2113.6081481481483,4265.67,1076987.29,300.2113077,890.7667337852365,10610.317350006104,1.4519232315372042,15251.931133517572,872801,400331,255,"18,965",56,207,"1,359",5.1,954,10893,254548
1.0,2016,DuarteDuarte,4003.0,18024474.61,78.0,24.0,81.0,161.0,64.0,56.0,3.0,8731.05,2771.14,541.5600000000001,439.04,12088.0,205978.44,110580.61,2409.995,4595.74,326223.39,300.873349,220.0150064379561,1574.0070414543152,0.4972321857495155,3170.8418849808313,256607,123345,49,"4,720",29,75,239,7.6,402,3853,71172
2.0,2016,ElÃ­as PiÃ±a,0.0,0.0,0.0,0.0,0.0,0.0,0.0,0.0,0.0,0.0,0.0,0.0,0.0,0.0,0.0,0.0,0.0,0.0,72865.69996,302.1623326,406.8367859143837,40.03840255737305,0.085963237460628,546.5585414583194,57720,36970,12,705,0,14,4,6.6,140,972,22340
3.0,2016,Hato Mayor,1990.0,1237451.0,144.0,22.0,9.0,55.0,10.0,2.0,1.0,1820.91,392.56,200.24,34.2,6035.39,61688.68,61688.68,1916.0,5000.0,94958.24997,300.6089567,59.338115626222944,281.49636297786935,0.13112253337091,1547.4238401581256,65949,65704,7,"1,291",8,13,13,5.4,131,1144,28690
4.0,2016,La Vega,1987.0,48503969.15,2654.0,116.0,58.0,2508.0,442.0,90.0,17.0,50380.11,6435.25,4535.28,2539.47,109065.73,1261076.26,1157306.67,2221.09,4671.84,443663.8199,298.4311006,369.9490750770943,1698.005414014704,0.5974586632810143,5828.721436109789,412510,209185,96,"6,342",30,67,566,5.0,437,4660,101196
5.0,2016,SÃ¡nchez RamÃ­rez,1990.0,0.0,0.0,0.0,0.0,0.0,0.0,0.0,0.0,0.0,0.0,0.0,0.0,0.0,0.0,0.0,0.0,0.0,169339.56,301.0788752,178.613916033857,908.151825428009,0.3974484323096617,2079.8320068689536,161540,53048,27,"2,148",12,23,48,4.7,262,2276,40053
6.0,2016,SamanÃ¡,0.0,0.0,0.0,0.0,0.0,0.0,0.0,0.0,0.0,0.0,0.0,0.0,0.0,0.0,0.0,0.0,0.0,0.0,107531.0501,299.2840976,186.2941539409114,166.09659651073756,0.1888532723554883,596.793645715947,91382,56396,18,"1,386",7,21,5,5.8,140,1253,30120
7.0,2016,ValverdeValverde,3981.0,19795843.72,1055.0,92.0,52.0,1757.0,222.0,112.0,6.0,28788.4,5126.37,4187.29,2006.3,91748.26,548530.94,548530.94,1151.495,2510.66,184924.05,304.1245743,332.4111584915834,1280.2677025593964,0.6496981525119955,1812.4774718987592,82506,116951,48,"2,806",19,23,35,5.2,176,1698,39683
8.0,2016,BarahonaBarahona,3999.0,25000000.0,734.0,71.0,42.0,716.0,93.0,79.0,2.0,51580.5,3997.77,1653.22,1744.4,39039.98,372802.14,372802.14,1967.06,3314.5,201481.1004,301.1572486,408.73214453949646,1338.6466580012266,0.2879294986752992,1900.008917311009,113268,151096,33,"4,120",14,40,87,6.6,247,2408,63751
9.0,2016,La RomanaLa Romana,3956.0,216413347.15,4430.0,312.0,235.0,1796.0,384.0,341.0,10.0,164893.72999999998,24024.61,12372.66,3100.26,244341.96,1269721.0,1192696.0,2493.09,3960.6,273006.1998,302.7113568,907.9997664115008,2858.33196332221,1.771206619397779,4482.294665199754,109340,93896,24,"4,307",14,49,358,5.9,265,3312,80079
10.0,2016,MonseÃ±or NouelMonseÃ±or NouelMonseÃ±or Nouel,5999.0,220004892.18,437.0,46.0,68.0,1598.0,459.0,81.0,5.0,212490.47,4252.0,5463.7300000000005,2504.17,132519.13999999998,2215568.62,2057474.58,3468.06,5708.52,185536.57,299.3646972,77.64270865917206,635.8896408081055,0.5595809714973039,2522.0698665197015,134871,106105,29,"3,016",19,44,273,2.6,234,2384,48730
11.0,2016,Monte Cristi,0.0,0.0,0.0,0.0,0.0,0.0,0.0,0.0,0.0,0.0,0.0,0.0,0.0,0.0,0.0,0.0,0.0,0.0,123215.95,305.1541005,277.20072627067566,482.3888358003953,0.1663892528697046,1147.58458109498,66103,62943,41,"1,192",6,16,6,6.3,148,1179,25499
12.0,2016,Pedernales,1991.0,12000000.0,349.0,0.0,10.0,284.0,5.0,5.0,1.0,1745.54,347.41,747.49,0.0,4846.1,100457.0,100457.0,1743.6,3145.0,35617.4001,300.946485,72.38911005515679,195.71949771245323,0.0350272535836637,650.7640142487545,16751,9427,4,235,2,5,1,3.3,28,265,8555
13.0,2016,Peravia,1986.0,7576911.08,235.0,38.0,19.0,132.0,54.0,18.0,7.0,6491.47,1388.77,538.36,766.45,4758.06,430138.0,325286.0,2461.5,5286.29,206850.0201,302.7286843,679.0795317500246,1161.3266111775945,0.7946602257528858,2221.592738412759,124004,155509,42,"2,948",10,33,71,5.6,167,2095,55201
14.0,2016,Puerto PlataPuerto Plata,4002.0,13735084.78,560.0,18.0,57.0,292.0,54.0,28.0,10.0,12543.54,2170.7,1098.78,450.31,25730.32,451935.0,369515.0,1185.565,2233.335,342918.9096,301.6322986,94.23796617844526,2382.912800509789,0.6611861959910127,3297.1433825761674,239663,170176,70,"4,392",21,34,127,5.4,466,4485,86200
15.0,2016,San JosÃ© de Ocoa,0.0,0.0,0.0,0.0,0.0,0.0,0.0,0.0,0.0,0.0,0.0,0.0,0.0,0.0,0.0,0.0,0.0,0.0,66442.56002,298.1745307,16.109241431367163,84.59475684165955,0.0565788450482716,568.9221933122941,32695,59526,9,673,9,11,9,3.0,115,909,14591
16.0,2016,San Juan,0.0,0.0,0.0,0.0,0.0,0.0,0.0,0.0,0.0,0.0,0.0,0.0,0.0,0.0,0.0,0.0,0.0,0.0,260770.8801,300.972598,1420.9037734882504,1797.510215437646,0.2719326653758034,3062.287146853933,169858,186225,71,"4,115",14,42,86,4.5,367,3181,71072
17.0,2016,Santiago RodrÃ­guez,0.0,0.0,0.0,0.0,0.0,0.0,0.0,0.0,0.0,0.0,0.0,0.0,0.0,0.0,0.0,0.0,0.0,0.0,64208.54001,301.962717,199.9073131084442,163.59893679618835,0.1005539426865681,630.0768560665493,34439,49342,14,"1,011",6,5,5,4.5,107,867,13368
18.0,2016,Distrito Nacional,0.0,0.0,0.0,0.0,0.0,0.0,0.0,0.0,0.0,0.0,0.0,0.0,0.0,0.0,0.0,0.0,0.0,0.0,1081838.579,304.4198078,0.0,14481.597769509111,38.3661993181106,5424.6412349177335,1538809,569902,303,"31,398",46,208,879,4.4,936,11158,255062
19.0,2016,El Seibo,2000.0,750000.0,117.0,1.0,0.0,13.0,2.0,1.0,2.0,919.6,146.28,102.37,32.84,2750.05,48775.71,48775.71,1919.0,3700.0,96183.45001,301.1003599,51.801114320755005,298.0054748058319,0.0867449961452579,1173.526264156664,59525,62283,12,875,6,15,3,3.6,167,1283,25559
20.0,2016,Espaillat,1989.0,17494945.85,1018.0,26.0,35.0,495.0,93.0,33.0,9.0,30417.06,3464.04,1066.08,1374.31,41595.11,460645.75,444772.28,2540.5,4488.96,261426.8798,300.9056665,22.712841033935547,819.0622878018547,0.7971093266736089,2300.0092612621834,176902,99324,51,"2,771",14,36,257,6.1,269,2610,53968
21.0,2016,Hermanas Mirabal,0.0,0.0,0.0,0.0,0.0,0.0,0.0,0.0,0.0,0.0,0.0,0.0,0.0,0.0,0.0,0.0,0.0,0.0,104369.42,300.974483,13.827689869263592,312.2159323692322,0.5945189107376225,740.5325339617683,128284,44756,15,"1,286",12,13,25,4.9,153,1361,21898
22.0,2016,Independencia,0.0,0.0,0.0,0.0,0.0,0.0,0.0,0.0,0.0,0.0,0.0,0.0,0.0,0.0,0.0,0.0,0.0,0.0,60114.63002,302.4526982,316.9060287475586,158.39029182593026,0.0787578506357812,824.3105043812126,21496,22074,8,431,1,5,5,3.9,66,604,17587
23.0,2016,Baoruco,0.0,0.0,0.0,0.0,0.0,0.0,0.0,0.0,0.0,0.0,0.0,0.0,0.0,0.0,0.0,0.0,0.0,0.0,108916.87,303.9576518,309.73095414545026,463.9071820885528,0.1716499398520167,1112.3313532713578,16861,99323,19,"1,060",9,18,9,5.3,165,1407,33555
24.0,2016,Azua,0.0,0.0,0.0,0.0,0.0,0.0,0.0,0.0,0.0,0.0,0.0,0.0,0.0,0.0,0.0,0.0,0.0,0.0,241090.59,302.4102178,199.44915400720112,1339.2352077909543,0.1842274647263496,2056.7998744066435,91275,142252,49,"3,370",15,26,27,5.7,253,2554,66403
25.0,2016,DajabÃ³n,0.0,0.0,0.0,0.0,0.0,0.0,0.0,0.0,0.0,0.0,0.0,0.0,0.0,0.0,0.0,0.0,0.0,0.0,69629.56998,303.548912,207.8482797136494,150.7292302267224,0.1197755971891764,615.9192130939637,47856,31482,18,880,5,16,1,5.0,125,914,18571
26.0,2016,La Altagracia,0.0,0.0,0.0,0.0,0.0,0.0,0.0,0.0,0.0,0.0,0.0,0.0,0.0,0.0,0.0,0.0,0.0,0.0,303760.44,301.7090741,1404.8268160698462,1393.8642280101776,0.5874053924252749,8184.266706356466,86513,88607,81,"5,238",24,72,514,5.4,282,3059,92633
27.0,2016,MarÃ­a Trinidad SÃ¡nchez,0.0,0.0,0.0,0.0,0.0,0.0,0.0,0.0,0.0,0.0,0.0,0.0,0.0,0.0,0.0,0.0,0.0,0.0,153262.1703,300.6689877,91.82160496244244,320.4663447193071,0.16199468890798,1081.9252230514496,121379,93004,33,"2,417",9,14,12,4.1,244,1969,34824
28.0,2016,Santo DomingoSanto DomingoSanto DomingoSanto DomingoSanto DomingoSanto DomingoSanto DomingoSanto DomingoSanto DomingoSanto DomingoSanto DomingoSanto DomingoSanto DomingoSanto DomingoSanto DomingoSanto DomingoSanto DomingoSanto DomingoSanto Domingo,38054.0,1056725778.22,12988.0,2452.0,1159.0,8325.0,3916.0,1122.0,108.0,890846.02,141795.11,50266.94,28843.49,1128583.3,6656768.68,6001185.62,2444.102105263158,4511.845789473685,2627903.443,302.3313664,2133.380200950304,22358.31319558761,5.862652307754338,25093.917397850277,1543957,1223304,730,"31,108",93,370,"1,994",4.4,2510,29641,724894
29.0,2016,Monte Plata,0.0,0.0,0.0,0.0,0.0,0.0,0.0,0.0,0.0,0.0,0.0,0.0,0.0,0.0,0.0,0.0,0.0,0.0,208653.46,300.5871011,41.26401364803314,116.31129956245422,0.0566687525255429,1625.6010852714962,141196,185157,34,"1,800",10,28,23,5.5,347,2944,60469
30.0,2016,San CristÃ³balSan CristÃ³balSan CristÃ³balSan CristÃ³balSan CristÃ³balSan CristÃ³bal,11976.0,524601182.8900001,7896.0,724.0,747.0,5514.0,1672.0,945.0,62.0,742187.3,132386.79,40323.66,12586.62,778150.61,3490101.64,3124850.88,2816.2966666666666,5025.721666666667,638665.6303,299.686331,1042.6559305625804,3000.1809177342584,1.3688550703383016,6286.883958232109,404739,402834,160,"8,191",35,95,437,4.9,692,7639,195588
31.0,2016,San Pedro de MacorÃ­sSan Pedro de MacorÃ­s,3961.0,318600072.8,6523.0,340.0,365.0,3268.0,1021.0,493.0,47.0,224506.57,26226.480000000003,15522.25,3041.09,371803.54,3693251.9,3301468.11,2671.985,5455.969999999999,316583.1395,302.8439033,1769.4682580929175,3183.7175711547625,1.0780325790211407,4947.105842825478,210769,164796,78,"5,488",14,42,67,6.6,294,3592,93285
