code,name,latitude,longitude,year,close,type,sez_id,origin ,inv00,inv01,inv02,inv03,inv04,inv05,inv06,inv07,inv08,inv09,inv10,inv11,inv12,inv13,inv14,inv15,inv16,inv17,inv18,inv19,ob_f_00,tec_f_00,adm_f_00,total_f_00,ob_f_01,tec_f_01,adm_f_01,total_f_01,ob_f_02,tec_f_02,adm_f_02,total_f_02,ob_f_03,tec_f_03,adm_f_03,total_f_03,ob_f_04,tec_f_04,adm_f_04,total_f_04,ob_f_05,tec_f_05,adm_f_05,total_f_05,ob_f_06,tec_f_06,adm_f_06,total_f_06,ob_f_07,tec_f_07,adm_f_07,total_f_07,ob_f_08,tec_f_08,adm_f_08,total_f_08,ob_f_09,tec_f_09,adm_f_09,total_f_09,ob_f_10,tec_f_10,adm_f_10,total_f_10,ob_f_11,tec_f_11,adm_f_11,total_f_11,ob_f_12,tec_f_12,adm_f_12,total_f_12,ob_f_14,tec_f_14,adm_f_14,total_f_14,ob_f_15,tec_f_15,adm_f_15,total_f_15,ob_f_16,tec_f_16,adm_f_16,total_f_16
DOM-6NO,Zona Franca 6 de Noviembre ,18.43423576,-70.07709655,2016.0,0.0,private,1.0,1.0,0.0,0.0,0.0,0.0,0.0,0.0,0.0,0.0,0.0,0,0.0,0,0.0,0.0,0,0,1890354.0,2471893.2,0.0,1250000.0,0.0,0.0,0.0,0.0,0.0,0.0,0.0,0.0,0.0,0.0,0.0,0.0,0.0,0.0,0.0,0.0,0.0,0.0,0.0,0.0,0.0,0.0,0.0,0.0,0.0,0.0,0.0,0.0,0.0,0.0,0.0,0.0,0.0,0.0,0.0,0.0,0.0,0.0,0.0,0.0,0.0,0.0,0.0,0.0,0.0,0.0,0.0,0.0,0.0,0.0,0.0,0.0,0.0,0.0,0.0,0.0,0.0,0.0,0.0,0.0,26.0,0.0,2.0,28.0
DOM-ALC,Los Alcarrizos ,18.52119218,-70.05086541,1990.0,0.0,public,2.0,1.0,19853638.95,19521896.75,14683246.0,16110722.99,23755065.7,20419701.5,22705077.88,40192104.07,37723217.65,28511505.5,21776166.76,22307044.2,23142258.73,29017608.73,28846815.7,27461136.4,25518598.92,24789743.0,0.0,8580213.27,2105.0,59.0,62.0,2226.0,1361.0,39.0,74.0,1474.0,1143.0,18.0,51.0,1212.0,1014.0,31.0,54.0,1099.0,1456.0,54.0,62.0,1572.0,1050.0,29.0,56.0,1135.0,910.0,31.0,60.0,1001.0,413.0,21.0,50.0,484.0,435.0,44.0,45.0,524.0,383.0,35.0,46.0,464.0,501.0,11.0,44.0,556.0,585.0,10.0,44.0,639.0,608.0,26.0,39.0,673.0,418.0,20.0,27.0,465.0,409.0,20.0,40.0,469.0,403.0,23.0,48.0,474.0
DOM-ALT,Villa Altagracia ,18.68704785,-70.18063175,1988.0,0.0,private,3.0,1.0,33900000.0,3300000.0,4400000.0,23000000.0,23100000.0,18054631.52,6644269.47,11473401.61,13288869.47,10076670.56,7527225.0,5827436,5826800.0,3726034.41,5407289.4,5949306.9,11435533.57,9699706.8,0.0,48460668.06,2476.0,15.0,131.0,2622.0,1823.0,18.0,11.0,1852.0,1623.0,18.0,14.0,1655.0,1425.0,16.0,5.0,1446.0,688.0,10.0,3.0,701.0,394.0,29.0,32.0,455.0,289.0,10.0,25.0,324.0,72.0,12.0,18.0,102.0,78.0,4.0,16.0,98.0,66.0,7.0,15.0,88.0,121.0,19.0,8.0,148.0,90.0,4.0,8.0,102.0,85.0,2.0,11.0,98.0,105.0,8.0,10.0,123.0,82.0,6.0,10.0,98.0,90.0,3.0,14.0,107.0
DOM-AND,Andres,18.44233642,-69.64978048,2009.0,0.0,private,4.0,1.0,0.0,0.0,0.0,0.0,0.0,0.0,0.0,0.0,0.0,148803,150803.0,884314,746667.0,733390.96,789922,803290,935650.0,1607033.0,0.0,2450800.0,0.0,0.0,0.0,0.0,0.0,0.0,0.0,0.0,0.0,0.0,0.0,0.0,0.0,0.0,0.0,0.0,0.0,0.0,0.0,0.0,0.0,0.0,0.0,0.0,0.0,0.0,0.0,0.0,0.0,0.0,0.0,0.0,0.0,0.0,0.0,0.0,0.0,69.0,5.0,74.0,0.0,7.0,5.0,12.0,0.0,7.0,2.0,9.0,7.0,0.0,5.0,12.0,3.0,1.0,8.0,12.0,2.0,0.0,7.0,9.0,2.0,0.0,6.0,8.0
DOM-ARM,La Armeria ,18.42129421,-70.11766012,1990.0,0.0,public,5.0,1.0,8620740.19,5016030.0,10355021.0,7131271.0,8576310.0,9207504.27,11921351.15,16658481.31,16097596.35,7922821.33,8538776.22,7005128.7,7648324.93,2234206.89,2728910.8,5452953.6,7167910.28,6900999.8,0.0,2416091.75,1719.0,37.0,30.0,1786.0,1285.0,38.0,13.0,1336.0,1372.0,43.0,20.0,1435.0,1276.0,61.0,29.0,1366.0,1306.0,52.0,24.0,1382.0,714.0,21.0,17.0,752.0,792.0,17.0,29.0,838.0,793.0,23.0,24.0,840.0,497.0,26.0,26.0,549.0,427.0,32.0,18.0,477.0,169.0,18.0,11.0,198.0,194.0,9.0,8.0,211.0,230.0,20.0,11.0,261.0,197.0,7.0,14.0,218.0,310.0,8.0,25.0,343.0,407.0,7.0,28.0,442.0
DOM-AZU,Azua,,,2001.0,2004.0,public,6.0,1.0,0.0,900000.0,450000.0,40000.0,40000.0,0.0,0.0,0.0,0.0,0,0.0,0,0.0,0.0,0,0,0.0,0.0,0.0,0.0,0.0,0.0,0.0,0.0,0.0,4.0,2.0,6.0,0.0,5.0,2.0,7.0,38.0,0.0,1.0,39.0,47.0,0.0,0.0,47.0,0.0,0.0,0.0,0.0,0.0,0.0,0.0,0.0,0.0,0.0,0.0,0.0,0.0,0.0,0.0,0.0,0.0,0.0,0.0,0.0,0.0,0.0,0.0,0.0,0.0,0.0,0.0,0.0,0.0,0.0,0.0,0.0,0.0,0.0,0.0,0.0,0.0,0.0,0.0,0.0,0.0,0.0,0.0,0.0
DOM-BAN,Bani,18.25315476,-70.40511741,1986.0,0.0,private,7.0,1.0,15539933.25,12655436.88,9491743.0,8464186.23,11476981.97,11633110.54,11181251.34,10623336.78,30910851.47,28193395,10800470.35,11832510.3,10903773.99,4495089.35,4170565.5,5021427.1,7576911.08,9324411.9,0.0,5116960.72,3286.0,104.0,40.0,3430.0,2723.0,82.0,28.0,2833.0,2185.0,58.0,30.0,2273.0,2034.0,73.0,31.0,2138.0,2184.0,98.0,20.0,2302.0,1962.0,97.0,22.0,2081.0,1183.0,84.0,16.0,1283.0,883.0,90.0,13.0,986.0,1035.0,103.0,13.0,1151.0,647.0,103.0,9.0,759.0,493.0,74.0,16.0,583.0,538.0,72.0,9.0,619.0,324.0,75.0,10.0,409.0,159.0,4.0,16.0,179.0,255.0,23.0,26.0,304.0,235.0,38.0,19.0,292.0
DOM-BAR,Barahona ,18.22153648,-71.10145235,1989.0,0.0,public,8.0,1.0,6064000.0,15789255.0,14750000.0,18400000.0,13000000.0,26000000.0,25800000.0,33000000.0,33000000.0,5000000,8000000.0,8000000,8000000.0,10125453.56,14978000,14978000,17700000.0,14978000.0,0.0,33167891.07,656.0,42.0,23.0,721.0,1031.0,59.0,25.0,1115.0,731.0,45.0,0.0,776.0,541.0,25.0,1.0,567.0,550.0,60.0,25.0,635.0,690.0,17.0,18.0,725.0,265.0,25.0,10.0,300.0,200.0,28.0,7.0,235.0,60.0,10.0,30.0,100.0,42.0,1.0,7.0,50.0,43.0,1.0,1.0,45.0,15.0,0.0,5.0,20.0,16.0,0.0,5.0,21.0,523.0,157.0,10.0,690.0,734.0,70.0,31.0,835.0,734.0,71.0,31.0,836.0
DOM-BAY,Bayaguana,,,1999.0,2007.0,public,9.0,1.0,566335.0,15000.0,90000.0,40000.0,285000.0,107941.0,105941.0,95000.0,0.0,0,0.0,0,0.0,0.0,0,0,0.0,0.0,0.0,0.0,42.0,1.0,1.0,44.0,90.0,0.0,1.0,91.0,46.0,2.0,4.0,52.0,15.0,2.0,2.0,19.0,14.0,1.0,4.0,19.0,18.0,0.0,2.0,20.0,23.0,0.0,2.0,25.0,5.0,0.0,3.0,8.0,0.0,0.0,0.0,0.0,0.0,0.0,0.0,0.0,0.0,0.0,0.0,0.0,0.0,0.0,0.0,0.0,0.0,0.0,0.0,0.0,0.0,0.0,0.0,0.0,0.0,0.0,0.0,0.0,0.0,0.0,0.0,0.0
DOM-BON,Bonao ,18.92425177,-70.40416473,1988.0,0.0,public,10.0,1.0,7371588.75,6199952.0,8030856.0,6515255.25,9978904.25,12456822.73,16068093.86,7902683.75,5229793.4,3090140.81,2710115.0,2502840,2674382.0,3091531.17,3326537,3198062,3087012.18,3053763.1,0.0,1655964.0,1918.0,13.0,23.0,1954.0,1539.0,23.0,24.0,1586.0,1111.0,5.0,20.0,1136.0,1595.0,8.0,31.0,1634.0,1538.0,6.0,28.0,1572.0,1484.0,13.0,21.0,1518.0,1067.0,6.0,18.0,1091.0,713.0,4.0,9.0,726.0,431.0,12.0,15.0,458.0,189.0,1.0,10.0,200.0,171.0,1.0,12.0,184.0,277.0,4.0,11.0,292.0,172.0,6.0,12.0,190.0,185.0,6.0,10.0,201.0,180.0,3.0,13.0,196.0,194.0,4.0,9.0,207.0
DOM-CAD,Los Candelones ,19.55066181,-70.85609369,2017.0,0.0,private,11.0,1.0,0.0,0.0,0.0,0.0,0.0,0.0,0.0,0.0,0.0,0,0.0,0,0.0,0.0,0,0,0.0,411338.6,0.0,122704.59,,,,,,,,,,,,,,,,,,,,,,,,,,,,,,,,,,,,,,,,,,,,,,,,,,,,,,,,,,,,,,,,
DOM-CAN,La canela ,,,2003.0,2005.0,private,12.0,1.0,0.0,0.0,0.0,75000.0,105300.0,80000.0,0.0,0.0,0.0,0,0.0,0,0.0,0.0,0,0,0.0,0.0,0.0,0.0,0.0,0.0,0.0,0.0,0.0,0.0,0.0,0.0,0.0,0.0,0.0,0.0,0.0,0.0,0.0,0.0,0.0,2.0,1.0,3.0,1.0,2.0,1.0,4.0,0.0,0.0,0.0,0.0,0.0,0.0,0.0,0.0,0.0,0.0,0.0,0.0,0.0,0.0,0.0,0.0,0.0,0.0,0.0,0.0,0.0,0.0,0.0,0.0,0.0,0.0,0.0,0.0,0.0,0.0,0.0,0.0,0.0,0.0,0.0,0.0,0.0,0.0,0.0,0.0
DOM-CDF,Parque Industrial CDF,19.49516261,-70.71634466,2014.0,0.0,private,13.0,1.0,0.0,0.0,0.0,0.0,0.0,0.0,0.0,0.0,0.0,0,0.0,0,0.0,0.0,9951283.2,12385321.3,13877081.07,14327027.9,0.0,18385681.08,0.0,0.0,0.0,0.0,0.0,0.0,0.0,0.0,0.0,0.0,0.0,0.0,0.0,0.0,0.0,0.0,0.0,0.0,0.0,0.0,0.0,0.0,0.0,0.0,0.0,0.0,0.0,0.0,0.0,0.0,0.0,0.0,0.0,0.0,0.0,0.0,0.0,0.0,0.0,0.0,0.0,0.0,0.0,0.0,0.0,0.0,0.0,0.0,0.0,0.0,0.0,0.0,393.0,1.0,9.0,403.0,416.0,3.0,10.0,429.0,347.0,4.0,10.0,361.0
DOM-CHE,Chemtec ,18.45851329,-69.28651371,1988.0,0.0,private,14.0,1.0,13904205.18,15028164.77,10843940.0,11701944.0,12451195.0,12578026.0,11544005.88,13078586.88,11670132.56,9529543.84,9674380.13,12627628.3,22727726.14,15744854.67,10086381.8,13252725.1,11888282.0,13073325.6,0.0,21526217.53,1173.0,51.0,65.0,1289.0,703.0,30.0,40.0,773.0,263.0,17.0,33.0,313.0,158.0,2.0,24.0,184.0,460.0,12.0,37.0,509.0,326.0,6.0,35.0,367.0,337.0,8.0,38.0,383.0,545.0,40.0,66.0,651.0,234.0,8.0,17.0,259.0,292.0,6.0,19.0,317.0,282.0,9.0,18.0,309.0,289.0,9.0,33.0,331.0,326.0,12.0,29.0,367.0,202.0,5.0,25.0,232.0,302.0,4.0,23.0,329.0,248.0,3.0,26.0,277.0
DOM-CIB,Cibernetico ,18.45320537,-69.66257273,2001.0,0.0,mix,15.0,1.0,0.0,100000.0,370000.0,850000.0,200022.0,447688.04,687068.0,4812539.37,27578537.13,26346861.1,28720043.69,23317650.2,8287450.3,3113738.42,14723507.1,13991905,14983445.16,33214209.4,0.0,35323725.42,0.0,0.0,0.0,0.0,0.0,0.0,1.0,1.0,22.0,0.0,3.0,25.0,0.0,0.0,2.0,2.0,0.0,0.0,1.0,1.0,0.0,2.0,4.0,6.0,8.0,0.0,5.0,13.0,20.0,191.0,20.0,231.0,37.0,205.0,25.0,267.0,27.0,262.0,36.0,325.0,16.0,252.0,30.0,298.0,102.0,28.0,75.0,205.0,249.0,53.0,101.0,403.0,1.0,418.0,42.0,461.0,13.0,209.0,52.0,274.0,221.0,101.0,62.0,384.0
DOM-CIP,Caribbean Industrial Park ,19.410116,-70.661171,1997.0,0.0,private,16.0,1.0,18051016.0,50560204.77,46506866.87,41356877.0,87086690.8,67237667.9,80945068.95,106653235.4,94008689.99,97436928.19,98848558.18,74088828.3,90022192.1,92176467.35,81632133.9,86613144.4,75017908.83,85202608.5,0.0,87093861.96,1679.0,549.0,126.0,2354.0,1603.0,137.0,120.0,1860.0,1842.0,122.0,280.0,2244.0,2087.0,141.0,496.0,2724.0,2425.0,175.0,158.0,2758.0,1328.0,284.0,149.0,1761.0,1098.0,226.0,111.0,1435.0,2024.0,558.0,156.0,2738.0,1604.0,471.0,122.0,2197.0,884.0,345.0,86.0,1315.0,810.0,331.0,91.0,1232.0,962.0,286.0,113.0,1361.0,1245.0,441.0,116.0,1802.0,1422.0,443.0,181.0,2046.0,1715.0,381.0,377.0,2473.0,1629.0,451.0,305.0,2385.0
DOM-CON,Conacado Industrial Park ,19.32373849,-70.27604128,2013.0,0.0,private,17.0,1.0,0.0,0.0,0.0,0.0,0.0,0.0,0.0,0.0,0.0,0,0.0,0,0.0,17850000.0,18200000,17036793.9,14670572.54,15325256.0,0.0,13356974.51,0.0,0.0,0.0,0.0,0.0,0.0,0.0,0.0,0.0,0.0,0.0,0.0,0.0,0.0,0.0,0.0,0.0,0.0,0.0,0.0,0.0,0.0,0.0,0.0,0.0,0.0,0.0,0.0,0.0,0.0,0.0,0.0,0.0,0.0,0.0,0.0,0.0,0.0,0.0,0.0,0.0,0.0,0.0,0.0,0.0,0.0,0.0,0.0,0.0,0.0,0.0,0.0,4.0,4.0,5.0,13.0,3.0,8.0,50.0,61.0,12.0,18.0,79.0,109.0
DOM-COT,Cotui,19.03592402,-70.15049018,1990.0,2009.0,public,18.0,1.0,848212.12,647057.0,707666.0,674500.0,991500.0,1270000.0,350200.0,332690.0,350200.0,350200,0.0,0,0.0,0.0,0,0,0.0,0.0,0.0,0.0,167.0,7.0,8.0,182.0,176.0,6.0,6.0,188.0,171.0,16.0,6.0,193.0,175.0,17.0,4.0,196.0,203.0,13.0,4.0,220.0,166.0,12.0,5.0,183.0,164.0,8.0,2.0,174.0,144.0,8.0,2.0,154.0,130.0,6.0,3.0,139.0,116.0,8.0,3.0,127.0,0.0,0.0,0.0,0.0,0.0,0.0,0.0,0.0,0.0,0.0,0.0,0.0,0.0,0.0,0.0,0.0,0.0,0.0,0.0,0.0,0.0,0.0,0.0,0.0
DOM-CRI,San Cristobal (Itabo) ,18.38627302,-70.04084591,1986.0,0.0,private,19.0,1.0,128412185.6,173673194.0,167406327.0,54751310.0,160500579.5,227382639.8,255296543.6,192590839.4,176024106.6,170061663.1,223399295.8,303716964.3,353293339.5,393731783.8,457875277.8,327128636.3,400875948.6,361501451.7,0.0,448782869.8,5575.0,376.0,297.0,6248.0,5745.0,228.0,313.0,6286.0,5472.0,305.0,310.0,6087.0,5363.0,373.0,430.0,6166.0,6166.0,241.0,438.0,6845.0,6201.0,435.0,430.0,7066.0,7005.0,297.0,449.0,7751.0,5882.0,314.0,615.0,6811.0,6545.0,298.0,552.0,7395.0,5147.0,184.0,453.0,5784.0,5857.0,285.0,485.0,6627.0,6309.0,277.0,506.0,7092.0,6229.0,312.0,529.0,7070.0,6102.0,561.0,628.0,7729.0,6248.0,584.0,736.0,7568.0,6474.0,594.0,595.0,7663.0
DOM-CTQ,Parque Industrial CTQ ,19.42740185,-70.5940585,2015.0,0.0,private,20.0,1.0,0.0,0.0,0.0,0.0,0.0,0.0,0.0,0.0,0.0,0,0.0,0,0.0,0.0,0,7972912.2,4417394.92,4948805.0,0.0,4419487.43,0.0,0.0,0.0,0.0,0.0,0.0,0.0,0.0,0.0,0.0,0.0,0.0,0.0,0.0,0.0,0.0,0.0,0.0,0.0,0.0,0.0,0.0,0.0,0.0,0.0,0.0,0.0,0.0,0.0,0.0,0.0,0.0,0.0,0.0,0.0,0.0,0.0,0.0,0.0,0.0,0.0,0.0,0.0,0.0,0.0,0.0,0.0,0.0,0.0,0.0,0.0,0.0,0.0,0.0,0.0,0.0,295.0,0.0,6.0,301.0,227.0,0.0,5.0,232.0
DOM-DOS,Dos Rios  ,18.91241012,-70.37486281,2006.0,0.0,private,21.0,1.0,0.0,0.0,0.0,0.0,0.0,0.0,70000000.0,70000000.0,110000000.0,110000000,110000000.0,65161871.9,96729338.25,208986256.0,208986256,208986256,211987405.0,169429373.0,0.0,171442666.0,0.0,0.0,0.0,0.0,0.0,0.0,0.0,0.0,0.0,0.0,0.0,0.0,0.0,0.0,0.0,0.0,0.0,0.0,0.0,0.0,0.0,0.0,0.0,0.0,131.0,18.0,12.0,161.0,94.0,3.0,36.0,133.0,206.0,11.0,44.0,261.0,298.0,25.0,24.0,347.0,296.0,42.0,1.0,339.0,297.0,45.0,29.0,371.0,205.0,71.0,50.0,326.0,204.0,40.0,72.0,316.0,248.0,45.0,60.0,353.0,243.0,42.0,59.0,344.0
DOM-DPE,Don Pedro,,,2004.0,2007.0,private,22.0,1.0,0.0,0.0,0.0,0.0,300000.0,440900.0,425000.0,205000.0,0.0,0,0.0,0,0.0,0.0,0,0,0.0,0.0,0.0,0.0,0.0,0.0,0.0,0.0,0.0,0.0,0.0,0.0,0.0,0.0,0.0,0.0,0.0,0.0,0.0,0.0,5.0,0.0,1.0,6.0,2.0,0.0,0.0,2.0,6.0,1.0,1.0,8.0,16.0,1.0,6.0,23.0,0.0,0.0,0.0,0.0,0.0,0.0,0.0,0.0,0.0,0.0,0.0,0.0,0.0,0.0,0.0,0.0,0.0,0.0,0.0,0.0,0.0,0.0,0.0,0.0,0.0,0.0,0.0,0.0,0.0,0.0,0.0,0.0
DOM-ELV,Parque Industrial Elva Maria,19.45844729,-70.63018049,2017.0,0.0,private,24.0,1.0,0.0,0.0,0.0,0.0,0.0,0.0,0.0,0.0,0.0,0,0.0,0,0.0,0.0,0,0,0.0,10000.0,0.0,229900.17,,,,,,,,,,,,,,,,,,,,,,,,,,,,,,,,,,,,,,,,,,,,,,,,,,,,,,,,,,,,,,,,
DOM-EMI,Zona Franca Industrial Emimar ,19.42494677,-70.62298095,2014.0,0.0,private,25.0,1.0,0.0,0.0,0.0,0.0,0.0,0.0,0.0,0.0,0.0,0,0.0,0,0.0,0.0,4030000,4030000,7121521.1,7100000.0,0.0,6525063.88,0.0,0.0,0.0,0.0,0.0,0.0,0.0,0.0,0.0,0.0,0.0,0.0,0.0,0.0,0.0,0.0,0.0,0.0,0.0,0.0,0.0,0.0,0.0,0.0,0.0,0.0,0.0,0.0,0.0,0.0,0.0,0.0,0.0,0.0,0.0,0.0,0.0,0.0,0.0,0.0,0.0,0.0,0.0,0.0,0.0,0.0,0.0,0.0,0.0,0.0,0.0,0.0,268.0,10.0,12.0,290.0,908.0,19.0,36.0,963.0,1149.0,38.0,38.0,1225.0
DOM-ESP,Esperanza ,19.59381238,-70.97901224,1988.0,0.0,public,26.0,1.0,25175096.0,18349267.0,12978335.35,12821702.37,16494059.37,16458862.26,15128216.15,26105748.75,28691078.0,25574506,28160673.0,22456491.7,21562882.0,13765140.0,22563480,21882449,19795843.72,16926403.1,0.0,32673410.71,2277.0,103.0,169.0,2549.0,2357.0,67.0,171.0,2595.0,2299.0,96.0,136.0,2531.0,2456.0,122.0,176.0,2754.0,2483.0,174.0,100.0,2757.0,2081.0,134.0,95.0,2310.0,1977.0,91.0,105.0,2173.0,1260.0,194.0,47.0,1501.0,1134.0,78.0,52.0,1264.0,1177.0,66.0,83.0,1326.0,1457.0,102.0,87.0,1646.0,824.0,61.0,46.0,931.0,579.0,64.0,54.0,697.0,727.0,90.0,49.0,866.0,993.0,88.0,54.0,1135.0,1055.0,92.0,52.0,1199.0
DOM-EXC,Excel Boca Chica ,18.45806505,-69.63004786,1995.0,0.0,private,27.0,1.0,1505224.0,1850848.0,2366666.0,2429044.0,3270065.43,2866943.55,1955626.55,2329221.93,3069408.0,3108964,3323751.86,5980000,8000000.0,6732500.0,7930600,8330000,8330000.0,9000000.0,0.0,9600000.0,176.0,15.0,4.0,195.0,140.0,16.0,6.0,162.0,78.0,12.0,7.0,97.0,75.0,12.0,10.0,97.0,78.0,10.0,12.0,100.0,57.0,8.0,13.0,78.0,58.0,0.0,18.0,76.0,58.0,0.0,23.0,81.0,13.0,5.0,3.0,21.0,2.0,2.0,16.0,20.0,1.0,2.0,15.0,18.0,2.0,2.0,10.0,14.0,2.0,2.0,7.0,11.0,2.0,0.0,16.0,18.0,2.0,0.0,17.0,19.0,2.0,3.0,17.0,22.0
DOM-FLO,La Flor Dominicana ,19.48619912,-70.62006966,2019.0,0.0,private,28.0,1.0,0.0,0.0,0.0,0.0,0.0,0.0,0.0,0.0,0.0,0,0.0,0,0.0,0.0,0,0,0.0,0.0,0.0,12057937.2,,,,,,,,,,,,,,,,,,,,,,,,,,,,,,,,,,,,,,,,,,,,,,,,,,,,,,,,,,,,,,,,
DOM-FRA,San Francisco de Macoris ,19.27537126,-70.28770858,1990.0,0.0,public,29.0,1.0,5331860.0,5737738.0,5276529.0,5152726.27,5617302.37,2347939.3,1990981.67,645107.69,596096.89,999000,131939.96,1053438.3,588095.0,572061.16,344510.7,291266.4,3353902.07,3359934.1,0.0,3364364.76,514.0,24.0,11.0,549.0,395.0,22.0,20.0,436.0,641.0,4.0,19.0,664.0,512.0,2.0,18.0,532.0,596.0,9.0,20.0,625.0,317.0,6.0,14.0,337.0,296.0,14.0,15.0,325.0,264.0,5.0,16.0,285.0,41.0,5.0,7.0,53.0,43.0,5.0,1.0,49.0,50.0,5.0,1.0,56.0,63.0,5.0,2.0,70.0,60.0,5.0,2.0,67.0,63.0,6.0,1.0,70.0,67.0,6.0,3.0,76.0,66.0,6.0,2.0,74.0
DOM-GLO,Global Zona Franca Ind. ,18.53043559,-70.01195079,1995.0,0.0,private,30.0,1.0,9719625.77,10459813.08,8388888.0,8888888.0,7733334.0,4600000.0,4900000.0,0.0,0.0,0,0.0,0,187420.0,402925.0,440900,428211,728733.0,735289.0,0.0,682321.0,235.0,3.0,6.0,244.0,341.0,4.0,6.0,351.0,283.0,2.0,5.0,290.0,177.0,3.0,4.0,184.0,151.0,2.0,4.0,157.0,2.0,1.0,6.0,9.0,1.0,3.0,6.0,10.0,0.0,0.0,0.0,0.0,0.0,0.0,0.0,0.0,0.0,0.0,0.0,0.0,0.0,0.0,0.0,0.0,0.0,0.0,0.0,0.0,0.0,0.0,1.0,1.0,0.0,0.0,3.0,3.0,0.0,0.0,4.0,4.0,0.0,0.0,4.0,4.0
DOM-GUR,Gurabo ,19.48857084,-70.658343,1993.0,0.0,private,31.0,1.0,5390954.0,7524131.0,6173123.44,6210741.0,10256846.97,7955826.97,16641399.67,24958839.6,12312060.73,10867492.33,7227145.02,6222335,17197448.36,14981963.52,24826481,25429550.4,27261655.52,32908390.0,0.0,9078654.8,884.0,6.0,171.0,1061.0,923.0,87.0,66.0,1076.0,735.0,206.0,107.0,1048.0,724.0,133.0,94.0,951.0,985.0,69.0,213.0,1267.0,944.0,188.0,92.0,1224.0,934.0,81.0,33.0,1048.0,1051.0,19.0,229.0,1299.0,412.0,73.0,61.0,546.0,510.0,79.0,62.0,651.0,426.0,27.0,54.0,507.0,617.0,44.0,74.0,735.0,619.0,34.0,87.0,740.0,1070.0,67.0,139.0,1276.0,1225.0,73.0,138.0,1436.0,1003.0,447.0,167.0,1617.0
DOM-HAI,Hainamosa ,18.51389836,-69.81584618,1988.0,0.0,private,32.0,1.0,10485771.0,9975665.39,6319385.0,22736105.85,7538698.0,5808123.7,6962329.0,9095812.52,11086818.52,12415013.52,12482560.08,11066456.6,9794817.22,14223911.22,14811170.4,21419086.9,22329475.47,25604251.8,0.0,43061493.13,1130.0,68.0,38.0,1236.0,816.0,177.0,67.0,1060.0,772.0,28.0,66.0,866.0,1033.0,23.0,66.0,1122.0,1057.0,21.0,28.0,1106.0,357.0,47.0,20.0,424.0,229.0,28.0,39.0,296.0,423.0,27.0,29.0,479.0,432.0,7.0,24.0,463.0,420.0,8.0,22.0,450.0,522.0,5.0,21.0,548.0,127.0,10.0,9.0,146.0,150.0,3.0,13.0,166.0,129.0,7.0,16.0,152.0,164.0,21.0,23.0,208.0,189.0,23.0,26.0,238.0
DOM-HAN,Hato Nuevo ,18.53692314,-70.06254185,2001.0,0.0,public,33.0,1.0,0.0,5500000.0,5500000.0,2500000.0,2750000.0,1050000.0,1050000.0,1568802.79,16168567.63,14974244.52,16721603.52,18372661.8,18962933.17,20061888.25,19516688.6,31710575.8,25844201.88,41981506.5,0.0,41294194.45,0.0,0.0,0.0,0.0,137.0,16.0,5.0,158.0,194.0,14.0,5.0,213.0,192.0,17.0,7.0,216.0,216.0,18.0,12.0,246.0,204.0,27.0,15.0,246.0,116.0,25.0,6.0,147.0,28.0,2.0,11.0,41.0,35.0,3.0,12.0,50.0,33.0,3.0,8.0,44.0,57.0,7.0,12.0,76.0,19.0,37.0,17.0,73.0,12.0,10.0,16.0,38.0,46.0,9.0,25.0,80.0,49.0,5.0,31.0,85.0,36.0,8.0,33.0,77.0
DOM-HAT,Hato Mayor ,18.76258519,-69.26597733,1990.0,0.0,public,34.0,1.0,2376975.0,2081975.0,1351975.0,1141975.0,1141975.0,1241975.0,1301975.0,600000.0,480000.0,0,0.0,350000,3501456.0,1141975.0,1201975,1401975,1237451.0,1237451.0,0.0,200000.0,309.0,8.0,6.0,323.0,454.0,1.0,3.0,458.0,237.0,3.0,3.0,243.0,247.0,3.0,4.0,254.0,267.0,6.0,5.0,278.0,330.0,5.0,6.0,341.0,590.0,4.0,8.0,602.0,519.0,15.0,7.0,541.0,280.0,7.0,6.0,293.0,0.0,0.0,0.0,0.0,0.0,0.0,0.0,0.0,58.0,2.0,2.0,62.0,159.0,6.0,5.0,170.0,120.0,12.0,7.0,139.0,119.0,11.0,7.0,137.0,144.0,22.0,9.0,175.0
DOM-HER,Parque Z.F. Tecnologica de Herrera ,18.44047267,-69.9817525,2013.0,0.0,private,35.0,1.0,0.0,0.0,0.0,0.0,0.0,0.0,0.0,0.0,0.0,0,0.0,0,0.0,1553488.63,1467025,3385283.6,3480183.61,350407.5,0.0,2543804.72,0.0,0.0,0.0,0.0,0.0,0.0,0.0,0.0,0.0,0.0,0.0,0.0,0.0,0.0,0.0,0.0,0.0,0.0,0.0,0.0,0.0,0.0,0.0,0.0,0.0,0.0,0.0,0.0,0.0,0.0,0.0,0.0,0.0,0.0,0.0,0.0,0.0,0.0,0.0,0.0,0.0,0.0,0.0,0.0,0.0,0.0,0.0,0.0,0.0,0.0,0.0,0.0,0.0,230.0,11.0,241.0,0.0,227.0,12.0,239.0,0.0,184.0,11.0,195.0
DOM-HIG,Higuey,,,1990.0,2005.0,public,36.0,1.0,2970999.0,2833731.0,1254400.0,1220000.0,1220000.0,1220000.0,0.0,0.0,0.0,0,0.0,0,0.0,0.0,0,0,0.0,0.0,0.0,0.0,1022.0,99.0,8.0,1129.0,924.0,101.0,9.0,1034.0,341.0,8.0,4.0,353.0,345.0,4.0,4.0,353.0,350.0,10.0,3.0,363.0,322.0,15.0,5.0,342.0,0.0,0.0,0.0,0.0,0.0,0.0,0.0,0.0,0.0,0.0,0.0,0.0,0.0,0.0,0.0,0.0,0.0,0.0,0.0,0.0,0.0,0.0,0.0,0.0,0.0,0.0,0.0,0.0,0.0,0.0,0.0,0.0,0.0,0.0,0.0,0.0,0.0,0.0,0.0,0.0
DOM-HIP,La Herradura Industrial Park  ,19.45074236,-70.74300157,2015.0,0.0,private,37.0,1.0,0.0,0.0,0.0,0.0,0.0,0.0,0.0,0.0,0.0,0,0.0,0,0.0,0.0,0,3009858.1,3009858.14,3533577.5,0.0,2550000.0,0.0,0.0,0.0,0.0,0.0,0.0,0.0,0.0,0.0,0.0,0.0,0.0,0.0,0.0,0.0,0.0,0.0,0.0,0.0,0.0,0.0,0.0,0.0,0.0,0.0,0.0,0.0,0.0,0.0,0.0,0.0,0.0,0.0,0.0,0.0,0.0,0.0,0.0,0.0,0.0,0.0,0.0,0.0,0.0,0.0,0.0,0.0,0.0,0.0,0.0,0.0,0.0,0.0,0.0,0.0,0.0,1.0,2.0,0.0,3.0,0.0,1.0,0.0,1.0
DOM-HIS,La Hispaniola  ,18.92390206,-70.40485331,2005.0,0.0,private,38.0,1.0,0.0,0.0,0.0,0.0,0.0,1599051.22,2000000.0,1200000.0,3679944.94,3679944.94,3500000.0,2968677,2828048.7,3545762.3,3605100,4065900,4930475.0,4969166.2,0.0,4960125.0,0.0,0.0,0.0,0.0,0.0,0.0,0.0,0.0,0.0,0.0,0.0,0.0,0.0,0.0,0.0,0.0,0.0,0.0,0.0,0.0,5.0,1.0,3.0,9.0,10.0,0.0,0.0,10.0,3.0,0.0,0.0,3.0,8.0,1.0,1.0,10.0,6.0,3.0,1.0,10.0,3.0,0.0,3.0,6.0,3.0,2.0,1.0,6.0,0.0,0.0,1.0,1.0,3.0,0.0,2.0,5.0,3.0,0.0,2.0,5.0,0.0,0.0,0.0,0.0
DOM-HIT,Zona Franca Hit,18.4418766,-69.65026915,2018.0,0.0,private,39.0,1.0,0.0,0.0,0.0,0.0,0.0,0.0,0.0,0.0,0.0,0,0.0,0,0.0,0.0,0,0,0.0,0.0,1.0,6100000.0,,,,,,,,,,,,,,,,,,,,,,,,,,,,,,,,,,,,,,,,,,,,,,,,,,,,,,,,,,,,,,,,
DOM-IHA,Parque Ind. Exp. Haina,,,1994.0,2000.0,private,40.0,1.0,2382400.0,0.0,0.0,0.0,0.0,0.0,0.0,0.0,0.0,0,0.0,0,0.0,0.0,0,0,0.0,0.0,0.0,0.0,490.0,28.0,14.0,532.0,0.0,0.0,0.0,0.0,0.0,0.0,0.0,0.0,0.0,0.0,0.0,0.0,0.0,0.0,0.0,0.0,0.0,0.0,0.0,0.0,0.0,0.0,0.0,0.0,0.0,0.0,0.0,0.0,0.0,0.0,0.0,0.0,0.0,0.0,0.0,0.0,0.0,0.0,0.0,0.0,0.0,0.0,0.0,0.0,0.0,0.0,0.0,0.0,0.0,0.0,0.0,0.0,0.0,0.0,0.0,0.0,0.0,0.0,0.0,0.0
DOM-INE,Parque Industrial INETAB ,19.48954984,-70.72195582,2016.0,0.0,private,41.0,1.0,0.0,0.0,0.0,0.0,0.0,0.0,0.0,0.0,0.0,0,0.0,0,0.0,0.0,0,0,11243908.33,33402383.6,0.0,25702443.52,0.0,0.0,0.0,0.0,0.0,0.0,0.0,0.0,0.0,0.0,0.0,0.0,0.0,0.0,0.0,0.0,0.0,0.0,0.0,0.0,0.0,0.0,0.0,0.0,0.0,0.0,0.0,0.0,0.0,0.0,0.0,0.0,0.0,0.0,0.0,0.0,0.0,0.0,0.0,0.0,0.0,0.0,0.0,0.0,0.0,0.0,0.0,0.0,0.0,0.0,0.0,0.0,0.0,0.0,0.0,0.0,0.0,0.0,0.0,0.0,271.0,4.0,14.0,289.0
DOM-INF,ZF Ind. y de Servicios Norte Infiesto ,18.49179288,-69.98528116,2014.0,0.0,private,42.0,1.0,0.0,0.0,0.0,0.0,0.0,0.0,0.0,0.0,0.0,0,0.0,0,0.0,0.0,201930.5,201930.5,210000.0,200000.0,0.0,198750.0,0.0,0.0,0.0,0.0,0.0,0.0,0.0,0.0,0.0,0.0,0.0,0.0,0.0,0.0,0.0,0.0,0.0,0.0,0.0,0.0,0.0,0.0,0.0,0.0,0.0,0.0,0.0,0.0,0.0,0.0,0.0,0.0,0.0,0.0,0.0,0.0,0.0,0.0,0.0,0.0,0.0,0.0,0.0,0.0,0.0,0.0,0.0,0.0,0.0,0.0,0.0,0.0,1.0,0.0,1.0,2.0,1.0,0.0,1.0,2.0,1.0,0.0,1.0,2.0
DOM-INT,Interexport Free Zone ,18.21182991,-71.11042584,2010.0,0.0,private,43.0,1.0,0.0,0.0,0.0,0.0,0.0,0.0,0.0,0.0,0.0,0,45300000.0,46400000,46400000.0,15267843.0,5700000,5700000,7300000.0,7566384.8,0.0,16224923.92,0.0,0.0,0.0,0.0,0.0,0.0,0.0,0.0,0.0,0.0,0.0,0.0,0.0,0.0,0.0,0.0,0.0,0.0,0.0,0.0,0.0,0.0,0.0,0.0,0.0,0.0,0.0,0.0,0.0,0.0,0.0,0.0,0.0,0.0,0.0,0.0,0.0,0.0,0.0,0.0,0.0,0.0,10.0,10.0,0.0,0.0,10.0,10.0,0.0,0.0,8.0,8.0,0.0,0.0,13.0,13.0,0.0,0.0,13.0,13.0,0.0,0.0,11.0,11.0
DOM-ISI,San Isidro ,18.50033327,-69.7873092,1986.0,0.0,private,44.0,1.0,66947689.9,80277740.85,80359019.37,88929794.99,119380624.7,146063919.8,144863643.0,149106646.7,133164130.9,127627579.5,138930602.0,160469275.9,173580748.7,193516526.9,267320687,209311735.1,185910845.6,202185055.7,0.0,261679250.1,3185.0,1171.0,201.0,4557.0,3615.0,893.0,289.0,4797.0,3276.0,1187.0,267.0,4730.0,3371.0,1353.0,258.0,4982.0,3607.0,973.0,257.0,4837.0,4116.0,364.0,283.0,4763.0,4145.0,401.0,329.0,4875.0,4050.0,581.0,361.0,4992.0,4676.0,628.0,299.0,5603.0,4147.0,663.0,291.0,5101.0,4882.0,744.0,358.0,5984.0,5307.0,491.0,313.0,6111.0,5449.0,569.0,307.0,6325.0,5253.0,1385.0,335.0,6973.0,5416.0,1170.0,376.0,6962.0,4076.0,1233.0,378.0,5687.0
DOM-JAI,Jaibon,,,2000.0,2012.0,private,45.0,1.0,50000000.0,2907462.0,1000000.0,538782.0,538782.0,538782.0,2050000.0,1125000.0,0.0,0,0.0,350000,350000.0,0.0,0,0,0.0,0.0,0.0,0.0,57.0,2.0,3.0,62.0,18.0,2.0,3.0,23.0,2.0,2.0,1.0,5.0,1.0,2.0,1.0,4.0,1.0,3.0,0.0,4.0,1.0,3.0,0.0,4.0,1.0,2.0,0.0,3.0,7.0,1.0,2.0,10.0,0.0,0.0,0.0,0.0,0.0,0.0,0.0,0.0,0.0,0.0,0.0,0.0,0.0,0.0,1.0,1.0,0.0,0.0,0.0,0.0,0.0,0.0,0.0,0.0,0.0,0.0,0.0,0.0,0.0,0.0,0.0,0.0
DOM-JAN,Ecopark Industrial Free Zone ,19.43705956,-70.70483542,1997.0,0.0,private,23.0,1.0,10200000.0,18605411.0,18042060.0,16141588.76,16141588.76,29218513.96,31297739.0,28167965.1,285600.0,4657734.25,11426448.0,5473432.9,15473775.0,17103479.83,17778662.4,19810494,22017101.0,20801502.0,0.0,21896171.02,30.0,5.0,6.0,41.0,156.0,1.0,18.0,175.0,109.0,9.0,6.0,124.0,184.0,74.0,117.0,375.0,390.0,62.0,113.0,565.0,256.0,86.0,65.0,407.0,468.0,20.0,22.0,510.0,374.0,18.0,16.0,408.0,78.0,1.0,3.0,82.0,118.0,2.0,6.0,126.0,51.0,0.0,14.0,65.0,115.0,0.0,15.0,130.0,123.0,0.0,17.0,140.0,1.0,3.0,19.0,23.0,20.0,15.0,14.0,49.0,73.0,14.0,18.0,105.0
DOM-JOB,Zona Franca Jobo Industrial,19.47548577,-70.64268481,2015.0,0.0,private,46.0,1.0,0.0,0.0,0.0,0.0,0.0,0.0,0.0,0.0,0.0,0,0.0,0,0.0,0.0,0,235000,6534700.0,7240708.9,0.0,7435708.89,0.0,0.0,0.0,0.0,0.0,0.0,0.0,0.0,0.0,0.0,0.0,0.0,0.0,0.0,0.0,0.0,0.0,0.0,0.0,0.0,0.0,0.0,0.0,0.0,0.0,0.0,0.0,0.0,0.0,0.0,0.0,0.0,0.0,0.0,0.0,0.0,0.0,0.0,0.0,0.0,0.0,0.0,0.0,0.0,0.0,0.0,0.0,0.0,0.0,0.0,0.0,0.0,0.0,0.0,0.0,0.0,0.0,0.0,0.0,0.0,31.0,5.0,1.0,37.0
DOM-JOB,Zona Franca Jobo Industrial,19.47548577,-70.64268481,2015.0,0.0,private,46.0,1.0,0.0,0.0,0.0,0.0,0.0,0.0,0.0,0.0,0.0,0,0.0,0,0.0,0.0,0,235000,6534700.0,7240708.9,0.0,7435708.89,0.0,0.0,0.0,0.0,0.0,0.0,0.0,0.0,0.0,0.0,0.0,0.0,0.0,0.0,0.0,0.0,0.0,0.0,0.0,0.0,0.0,0.0,0.0,0.0,0.0,0.0,0.0,0.0,0.0,0.0,0.0,0.0,0.0,0.0,0.0,0.0,0.0,0.0,0.0,0.0,0.0,0.0,0.0,0.0,0.0,0.0,0.0,0.0,0.0,0.0,0.0,0.0,0.0,0.0,0.0,0.0,0.0,0.0,0.0,0.0,6.0,0.0,5.0,11.0
DOM-JOB,Zona Franca Jobo Industrial,19.47548577,-70.64268481,2015.0,0.0,private,46.0,1.0,0.0,0.0,0.0,0.0,0.0,0.0,0.0,0.0,0.0,0,0.0,0,0.0,0.0,0,235000,6534700.0,7240708.9,0.0,7435708.89,0.0,0.0,0.0,0.0,0.0,0.0,0.0,0.0,0.0,0.0,0.0,0.0,0.0,0.0,0.0,0.0,0.0,0.0,0.0,0.0,0.0,0.0,0.0,0.0,0.0,0.0,0.0,0.0,0.0,0.0,0.0,0.0,0.0,0.0,0.0,0.0,0.0,0.0,0.0,0.0,0.0,0.0,0.0,0.0,0.0,0.0,0.0,0.0,0.0,0.0,0.0,0.0,0.0,0.0,0.0,0.0,17.0,0.0,5.0,22.0,31.0,5.0,1.0,37.0
DOM-JOB,Zona Franca Jobo Industrial,19.47548577,-70.64268481,2015.0,0.0,private,46.0,1.0,0.0,0.0,0.0,0.0,0.0,0.0,0.0,0.0,0.0,0,0.0,0,0.0,0.0,0,235000,6534700.0,7240708.9,0.0,7435708.89,0.0,0.0,0.0,0.0,0.0,0.0,0.0,0.0,0.0,0.0,0.0,0.0,0.0,0.0,0.0,0.0,0.0,0.0,0.0,0.0,0.0,0.0,0.0,0.0,0.0,0.0,0.0,0.0,0.0,0.0,0.0,0.0,0.0,0.0,0.0,0.0,0.0,0.0,0.0,0.0,0.0,0.0,0.0,0.0,0.0,0.0,0.0,0.0,0.0,0.0,0.0,0.0,0.0,0.0,0.0,0.0,17.0,0.0,5.0,22.0,6.0,0.0,5.0,11.0
DOM-KEP,Silver Key Park,,,2005.0,2006.0,private,47.0,1.0,0.0,0.0,0.0,0.0,0.0,5616428.0,5256428.0,0.0,0.0,0,0.0,0,0.0,0.0,0,0,0.0,0.0,0.0,0.0,0.0,0.0,0.0,0.0,0.0,0.0,0.0,0.0,0.0,0.0,0.0,0.0,0.0,0.0,0.0,0.0,0.0,0.0,0.0,0.0,1.0,6.0,6.0,13.0,0.0,0.0,0.0,0.0,0.0,0.0,0.0,0.0,0.0,0.0,0.0,0.0,0.0,0.0,0.0,0.0,0.0,0.0,0.0,0.0,0.0,0.0,0.0,0.0,0.0,0.0,0.0,0.0,0.0,0.0,0.0,0.0,0.0,0.0,0.0,0.0,0.0,0.0,0.0,0.0
DOM-KGC,Parque Ind. KG Compania Comercial,19.5498392,-70.84249449,2014.0,0.0,private,48.0,1.0,0.0,0.0,0.0,0.0,0.0,0.0,0.0,0.0,0.0,0,0.0,0,0.0,0.0,2658123.3,2691026.9,1378419.0,1378419.0,0.0,1378419.0,0.0,0.0,0.0,0.0,0.0,0.0,0.0,0.0,0.0,0.0,0.0,0.0,0.0,0.0,0.0,0.0,0.0,0.0,0.0,0.0,0.0,0.0,0.0,0.0,0.0,0.0,0.0,0.0,0.0,0.0,0.0,0.0,0.0,0.0,0.0,0.0,0.0,0.0,0.0,0.0,0.0,0.0,0.0,0.0,0.0,0.0,0.0,0.0,0.0,0.0,0.0,0.0,323.0,0.0,3.0,326.0,364.0,0.0,4.0,368.0,286.0,0.0,3.0,289.0
DOM-LAG,Laguna Prieta,,,1997.0,2007.0,private,49.0,1.0,1375000.0,1500000.0,1290526.0,1290526.0,1000000.0,1000000.0,1000000.0,250000.0,0.0,0,0.0,0,0.0,0.0,0,0,0.0,0.0,0.0,0.0,30.0,1.0,3.0,34.0,47.0,1.0,4.0,52.0,40.0,3.0,5.0,48.0,36.0,5.0,4.0,45.0,1.0,0.0,1.0,2.0,2.0,0.0,0.0,2.0,2.0,0.0,0.0,2.0,0.0,0.0,0.0,0.0,0.0,0.0,0.0,0.0,0.0,0.0,0.0,0.0,0.0,0.0,0.0,0.0,0.0,0.0,0.0,0.0,0.0,0.0,0.0,0.0,0.0,0.0,0.0,0.0,0.0,0.0,0.0,0.0,0.0,0.0,0.0,0.0
DOM-LAS,Las Americas ,18.46024249,-69.7068226,1989.0,0.0,private,50.0,1.0,106989708.0,129646562.0,135824379.2,139389061.7,185309783.6,181067451.1,197337263.0,184298723.9,368203479.7,410015315.9,393617488.6,357020442.4,342177049.4,405978614.9,356027384.7,333853320.5,383936907.5,460575569.7,0.0,741390516.2,5721.0,206.0,481.0,6408.0,5035.0,364.0,280.0,5679.0,5500.0,185.0,340.0,6025.0,5335.0,373.0,332.0,6040.0,5860.0,320.0,332.0,6512.0,5611.0,298.0,313.0,6222.0,5816.0,421.0,366.0,6603.0,5330.0,443.0,421.0,6194.0,6757.0,574.0,437.0,7768.0,6296.0,645.0,352.0,7293.0,5701.0,623.0,330.0,6654.0,6449.0,458.0,361.0,7268.0,6893.0,540.0,370.0,7803.0,7449.0,402.0,484.0,8335.0,7918.0,611.0,517.0,9046.0,7475.0,783.0,429.0,8687.0
DOM-LEO,Parque Industrial Eduardo Leon Jimenes ,19.46227703,-70.671318,2018.0,0.0,private,51.0,1.0,0.0,0.0,0.0,0.0,0.0,0.0,0.0,0.0,0.0,0,0.0,0,0.0,0.0,0,0,0.0,0.0,1.0,6312378.13,,,,,,,,,,,,,,,,,,,,,,,,,,,,,,,,,,,,,,,,,,,,,,,,,,,,,,,,,,,,,,,,
DOM-LIM,El Limonal ,19.44195379,-70.63858151,2005.0,0.0,private,52.0,1.0,0.0,0.0,0.0,0.0,0.0,3816492.03,4198206.6,4049887.1,2848669.88,3777074.21,5526995.41,5087227.7,5087227.7,5396532.18,7409162,3586845.4,5604124.68,4532656.9,0.0,12057849.96,0.0,0.0,0.0,0.0,0.0,0.0,0.0,0.0,0.0,0.0,0.0,0.0,0.0,0.0,0.0,0.0,0.0,0.0,0.0,0.0,127.0,6.0,8.0,141.0,109.0,3.0,9.0,121.0,59.0,2.0,10.0,71.0,61.0,2.0,9.0,72.0,62.0,3.0,7.0,72.0,80.0,6.0,6.0,92.0,134.0,6.0,6.0,146.0,67.0,9.0,7.0,83.0,165.0,5.0,24.0,194.0,155.0,5.0,26.0,186.0,131.0,7.0,25.0,163.0
DOM-LUN,Zona Franca Industrial Luna,,,2001.0,2007.0,private,53.0,1.0,0.0,365114.0,1000000.0,1064600.0,1361523.24,398333.33,375874.0,300000.0,0.0,0,0.0,0,0.0,0.0,0,0,0.0,0.0,0.0,0.0,0.0,0.0,0.0,0.0,60.0,7.0,5.0,72.0,121.0,4.0,4.0,129.0,204.0,2.0,4.0,210.0,228.0,12.0,7.0,247.0,158.0,23.0,2.0,183.0,127.0,12.0,2.0,141.0,23.0,2.0,2.0,27.0,0.0,0.0,0.0,0.0,0.0,0.0,0.0,0.0,0.0,0.0,0.0,0.0,0.0,0.0,0.0,0.0,0.0,0.0,0.0,0.0,0.0,0.0,0.0,0.0,0.0,0.0,0.0,0.0,0.0,0.0,0.0,0.0
DOM-MAC,San Pedro de Macoris ,18.45274371,-69.28915784,1973.0,0.0,public,54.0,1.0,83818075.57,77047150.49,69008769.12,83843844.0,100904818.5,106283114.0,104410800.5,117742843.3,98933247.8,110444428.2,105633982.4,117392030.2,133914998.3,125926492.5,148635877.4,288228578.3,306711790.8,191457870.4,0.0,181789419.4,9442.0,676.0,325.0,10443.0,9122.0,729.0,294.0,10145.0,9370.0,635.0,284.0,10289.0,9325.0,551.0,299.0,10175.0,9995.0,852.0,410.0,11257.0,7075.0,469.0,299.0,7843.0,6420.0,431.0,231.0,7082.0,6543.0,474.0,266.0,7283.0,4580.0,454.0,276.0,5310.0,5213.0,386.0,250.0,5849.0,5772.0,443.0,261.0,6476.0,4966.0,352.0,257.0,5575.0,4933.0,439.0,275.0,5647.0,5478.0,303.0,288.0,6069.0,6346.0,340.0,327.0,7013.0,6275.0,337.0,339.0,6951.0
DOM-MAI,Zona Franca Bahâ€™a de Maimon,,,2015.0,0.0,private,55.0,1.0,0.0,0.0,0.0,0.0,0.0,0.0,0.0,0.0,0.0,0,0.0,0,0.0,0.0,0,390000,2149200.0,1854005.5,0.0,2763779.29,,,,,,,,,,,,,,,,,,,,,,,,,,,,,,,,,,,,,,,,,,,,,,,,,,,,,,,,,,,,,,,,
DOM-MEL,Villa Mella ,18.522265,-69.90166418,1989.0,0.0,public,56.0,1.0,33528000.0,32130784.0,9791777.0,13650000.0,14102621.34,8624705.4,12626748.12,3515124.09,8685092.14,11636577.68,9026248.52,10109835.7,7569908.06,15267810.99,15926641.2,16124936.1,16910749.48,13914713.4,0.0,20371964.3,3089.0,400.0,107.0,3596.0,2552.0,256.0,35.0,2843.0,1551.0,65.0,140.0,1756.0,1521.0,126.0,25.0,1672.0,2303.0,150.0,49.0,2502.0,1665.0,38.0,107.0,1810.0,1312.0,42.0,99.0,1453.0,3.0,0.0,3.0,6.0,112.0,2.0,5.0,119.0,201.0,14.0,22.0,237.0,143.0,6.0,10.0,159.0,107.0,5.0,6.0,118.0,99.0,14.0,8.0,121.0,109.0,10.0,7.0,126.0,121.0,10.0,11.0,142.0,105.0,11.0,7.0,123.0
DOM-MIN,Los Minas,,,2000.0,2009.0,public,57.0,1.0,2223428.0,2463428.0,2694942.2,2694942.0,549949.0,1300000.0,1310000.0,290000.0,310000.0,310000,0.0,0,0.0,0.0,0,0,0.0,0.0,0.0,0.0,0.0,1.0,1.0,2.0,0.0,0.0,4.0,4.0,0.0,0.0,3.0,3.0,0.0,0.0,0.0,0.0,0.0,2.0,2.0,4.0,0.0,0.0,5.0,5.0,0.0,3.0,3.0,6.0,2.0,0.0,1.0,3.0,0.0,1.0,2.0,3.0,0.0,0.0,2.0,2.0,0.0,0.0,0.0,0.0,0.0,0.0,0.0,0.0,0.0,0.0,0.0,0.0,0.0,0.0,0.0,0.0,0.0,0.0,0.0,0.0,0.0,0.0,0.0,0.0
DOM-MOC,Moca  ,19.39023321,-70.5372859,1989.0,0.0,public,58.0,1.0,20417613.51,22788310.31,23064181.66,19375638.58,21035018.44,15318517.88,18295503.41,11104546.94,12960052.24,12862324.05,21420726.14,19610193.8,9765436.56,9242927.02,12577321.8,11770957.9,17494945.85,15685783.0,0.0,41711918.98,3093.0,89.0,129.0,3311.0,2495.0,117.0,52.0,2664.0,2609.0,146.0,51.0,2806.0,2278.0,199.0,52.0,2529.0,2416.0,205.0,60.0,2681.0,1546.0,122.0,39.0,1707.0,1475.0,98.0,52.0,1625.0,583.0,27.0,21.0,631.0,542.0,16.0,23.0,581.0,446.0,15.0,43.0,504.0,788.0,14.0,25.0,827.0,683.0,8.0,78.0,769.0,771.0,44.0,34.0,849.0,563.0,24.0,36.0,623.0,654.0,19.0,37.0,710.0,1018.0,26.0,35.0,1079.0
DOM-MOI,Montecristi ,,,2001.0,2005.0,public,59.0,1.0,0.0,1400000.0,727777.0,200000.0,1000000.0,600000.0,0.0,0.0,0.0,0,0.0,0,0.0,0.0,0,0,0.0,0.0,0.0,0.0,0.0,0.0,0.0,0.0,9.0,0.0,1.0,10.0,13.0,1.0,2.0,16.0,71.0,9.0,6.0,86.0,75.0,5.0,5.0,85.0,54.0,4.0,2.0,60.0,0.0,0.0,0.0,0.0,0.0,0.0,0.0,0.0,0.0,0.0,0.0,0.0,0.0,0.0,0.0,0.0,0.0,0.0,0.0,0.0,0.0,0.0,0.0,0.0,0.0,0.0,0.0,0.0,0.0,0.0,0.0,0.0,0.0,0.0,0.0,0.0,0.0,0.0,0.0,0.0
DOM-MUL,Multimodal Caucedo ,18.42636819,-69.63506753,2002.0,0.0,private,60.0,1.0,0.0,0.0,1103830.66,1211975.0,98458000.0,8818000.0,10050000.0,10050000.0,15925000.0,15815800,16115800.0,20499000,20435709.36,20842858.13,20844020.9,10264020.9,10459806.19,11406052.5,0.0,25461108.92,0.0,0.0,0.0,0.0,0.0,0.0,0.0,0.0,0.0,3.0,9.0,12.0,0.0,1.0,11.0,12.0,6.0,2.0,35.0,43.0,0.0,1.0,4.0,5.0,0.0,0.0,0.0,0.0,0.0,0.0,0.0,0.0,0.0,0.0,0.0,0.0,0.0,0.0,0.0,0.0,0.0,0.0,0.0,0.0,0.0,0.0,1.0,1.0,1.0,0.0,1.0,2.0,1.0,1.0,1.0,3.0,0.0,0.0,2.0,2.0,1.0,0.0,3.0,4.0
DOM-MUT,Multiparques S.A,18.40888469,-70.03948595,2007.0,0.0,private,61.0,1.0,0.0,0.0,0.0,0.0,0.0,0.0,0.0,17400000.0,17400000.0,17900000,17900000.0,18250000,18250000.0,18405634.0,18681840.1,18681840.1,18776756.54,19482572.0,0.0,44037319.06,0.0,0.0,0.0,0.0,0.0,0.0,0.0,0.0,0.0,0.0,0.0,0.0,0.0,0.0,0.0,0.0,0.0,0.0,0.0,0.0,0.0,0.0,0.0,0.0,0.0,0.0,0.0,0.0,5.0,2.0,40.0,47.0,5.0,2.0,48.0,55.0,5.0,2.0,48.0,55.0,5.0,2.0,47.0,54.0,5.0,2.0,43.0,50.0,5.0,2.0,49.0,56.0,5.0,2.0,57.0,64.0,42.0,13.0,54.0,109.0,6.0,6.0,40.0,52.0
DOM-NAV,Navarrete ,19.56817155,-70.87355309,1996.0,0.0,private,62.0,1.0,2364156.0,5700000.0,5604925.0,6707000.0,5890000.0,3000000.0,3050000.0,3000000.0,3300000.0,4050000,3665907.2,3179000,1000000.0,2969340.0,2974785,2963405,9649330.0,11101805.8,0.0,48914163.35,756.0,24.0,12.0,792.0,389.0,5.0,2.0,396.0,485.0,6.0,4.0,495.0,659.0,4.0,1.0,664.0,1004.0,27.0,3.0,1034.0,770.0,82.0,38.0,890.0,668.0,80.0,35.0,783.0,398.0,15.0,9.0,422.0,391.0,3.0,7.0,401.0,376.0,8.0,6.0,390.0,331.0,6.0,6.0,343.0,476.0,15.0,10.0,501.0,484.0,17.0,7.0,508.0,452.0,32.0,24.0,508.0,523.0,46.0,33.0,602.0,746.0,74.0,46.0,866.0
DOM-NIG,Nigua ,18.39069362,-70.04615509,1989.0,0.0,private,63.0,1.0,40102872.35,42304221.0,48719440.0,45382984.0,49377353.6,61298975.2,64785080.84,95595446.6,64419418.85,65395527.47,60612832.47,65181742.5,64887479.8,68094863.96,68666906.5,78101109.8,84454679.9,85117028.6,0.0,44602073.48,1065.0,9.0,51.0,1125.0,1043.0,17.0,126.0,1186.0,942.0,23.0,99.0,1064.0,686.0,25.0,54.0,765.0,651.0,39.0,48.0,738.0,586.0,30.0,41.0,657.0,620.0,24.0,54.0,698.0,630.0,30.0,47.0,707.0,438.0,17.0,55.0,510.0,438.0,16.0,56.0,510.0,337.0,19.0,54.0,410.0,486.0,39.0,57.0,582.0,555.0,58.0,75.0,688.0,753.0,78.0,55.0,886.0,810.0,80.0,60.0,950.0,893.0,114.0,68.0,1075.0
DOM-NII,Nigua II,18.49893041,-69.79093729,2018.0,0.0,private,64.0,1.0,0.0,0.0,0.0,0.0,0.0,0.0,0.0,0.0,0.0,0,0.0,0,0.0,0.0,0,0,0.0,0.0,1.0,15000000.0,,,,,,,,,,,,,,,,,,,,,,,,,,,,,,,,,,,,,,,,,,,,,,,,,,,,,,,,,,,,,,,,
DOM-NOR,Zona Franca Industrial del Norte,19.54010463,-70.79206329,2016.0,0.0,private,65.0,1.0,0.0,0.0,0.0,0.0,0.0,0.0,0.0,0.0,0.0,0,0.0,0,0.0,0.0,0,0,451139.59,732947.5,0.0,5545357.95,0.0,0.0,0.0,0.0,0.0,0.0,0.0,0.0,0.0,0.0,0.0,0.0,0.0,0.0,0.0,0.0,0.0,0.0,0.0,0.0,0.0,0.0,0.0,0.0,0.0,0.0,0.0,0.0,0.0,0.0,0.0,0.0,0.0,0.0,0.0,0.0,0.0,0.0,0.0,0.0,0.0,0.0,0.0,0.0,0.0,0.0,0.0,0.0,0.0,0.0,0.0,0.0,0.0,0.0,0.0,0.0,0.0,0.0,0.0,0.0,0.0,0.0,2.0,2.0
DOM-PAB,Palmar Abajo,,,1996.0,2008.0,private,66.0,1.0,6899833.0,0.0,0.0,0.0,100000.0,100000.0,100000.0,75000.0,100000.0,N/D,0.0,ND,0.0,0.0,ND,N/D,0.0,0.0,0.0,0.0,843.0,23.0,17.0,883.0,0.0,0.0,0.0,0.0,9.0,0.0,0.0,9.0,10.0,0.0,0.0,10.0,8.0,1.0,1.0,10.0,1.0,1.0,1.0,3.0,1.0,1.0,1.0,3.0,4.0,1.0,1.0,6.0,1.0,1.0,1.0,3.0,3.0,0.0,0.0,3.0,0.0,0.0,0.0,0.0,0.0,0.0,0.0,0.0,0.0,0.0,0.0,0.0,0.0,0.0,0.0,0.0,0.0,0.0,0.0,0.0,0.0,0.0,0.0,0.0
DOM-PAL,La Palma ,19.47951791,-70.59727463,2004.0,0.0,private,67.0,1.0,0.0,0.0,0.0,0.0,1000000.0,1214000.0,4164166.0,4556000.0,5836575.0,2483896.54,3424002.0,5359568,5833873.04,4224751.57,5393078.7,6212990.1,5417113.82,5267075.4,0.0,15134277.04,0.0,0.0,0.0,0.0,0.0,0.0,0.0,0.0,0.0,0.0,0.0,0.0,0.0,0.0,0.0,0.0,55.0,2.0,2.0,59.0,55.0,2.0,4.0,61.0,69.0,2.0,3.0,74.0,256.0,0.0,5.0,261.0,237.0,0.0,5.0,242.0,245.0,2.0,3.0,250.0,229.0,1.0,6.0,236.0,22.0,0.0,6.0,28.0,343.0,3.0,6.0,352.0,384.0,1.0,14.0,399.0,471.0,1.0,13.0,485.0,500.0,13.0,14.0,527.0
DOM-PAM,Palmarejo ,19.53965534,-70.79354494,1997.0,0.0,private,68.0,1.0,23426111.0,21816691.0,25313062.0,5976065.0,30828690.65,90639471.75,45223430.67,57949101.84,66846200.86,75855965.24,80389236.4,79196505.2,39204030.99,34233001.47,38544393.1,48741389.4,49619554.78,48623409.3,0.0,86022347.81,354.0,26.0,11.0,391.0,303.0,23.0,10.0,336.0,299.0,35.0,11.0,345.0,324.0,22.0,20.0,366.0,515.0,44.0,24.0,583.0,565.0,50.0,28.0,643.0,603.0,46.0,30.0,679.0,677.0,54.0,26.0,757.0,444.0,56.0,37.0,537.0,310.0,83.0,13.0,406.0,385.0,51.0,20.0,456.0,284.0,41.0,22.0,347.0,411.0,43.0,21.0,475.0,569.0,34.0,35.0,638.0,498.0,47.0,25.0,570.0,464.0,45.0,27.0,536.0
DOM-PED,Pedernales ,18.03212506,-71.7361763,1991.0,0.0,public,69.0,1.0,182000.0,182000.0,150000.0,266000.0,300000.0,300000.0,550000.0,600000.0,2050000.0,2050000,28000000.0,17000000,17000000.0,11500000.0,9000000,11829180.1,12000000.0,13750000.0,0.0,12000000.0,1.0,1.0,1.0,3.0,59.0,0.0,2.0,61.0,43.0,0.0,3.0,46.0,60.0,1.0,1.0,62.0,88.0,4.0,4.0,96.0,80.0,4.0,2.0,86.0,116.0,0.0,4.0,120.0,217.0,10.0,3.0,230.0,222.0,5.0,4.0,231.0,185.0,9.0,6.0,200.0,291.0,7.0,10.0,308.0,305.0,0.0,11.0,316.0,194.0,3.0,8.0,205.0,182.0,0.0,8.0,190.0,248.0,0.0,7.0,255.0,349.0,0.0,10.0,359.0
DOM-PER,PERLAV,18.52899686,-69.99851177,2010.0,0.0,private,70.0,1.0,0.0,0.0,0.0,0.0,0.0,0.0,0.0,0.0,0.0,0,39308186.17,43123873,54986741.08,70975499.21,71677360.9,70122135.8,73831661.01,105462288.5,0.0,114371241.5,0.0,0.0,0.0,0.0,0.0,0.0,0.0,0.0,0.0,0.0,0.0,0.0,0.0,0.0,0.0,0.0,0.0,0.0,0.0,0.0,0.0,0.0,0.0,0.0,0.0,0.0,0.0,0.0,0.0,0.0,0.0,0.0,0.0,0.0,0.0,0.0,0.0,0.0,0.0,0.0,99.0,85.0,34.0,218.0,168.0,57.0,83.0,308.0,144.0,53.0,40.0,237.0,160.0,68.0,46.0,274.0,147.0,66.0,40.0,253.0,141.0,64.0,39.0,244.0
DOM-PEV,PEVISA,,,2004.0,2005.0,private,71.0,1.0,0.0,0.0,0.0,0.0,15000000.0,0.0,0.0,0.0,0.0,0,0.0,0,0.0,0.0,0,0,0.0,0.0,0.0,0.0,0.0,0.0,0.0,0.0,0.0,0.0,0.0,0.0,0.0,0.0,0.0,0.0,0.0,0.0,0.0,0.0,460.0,2.0,24.0,486.0,0.0,0.0,0.0,0.0,0.0,0.0,0.0,0.0,0.0,0.0,0.0,0.0,0.0,0.0,0.0,0.0,0.0,0.0,0.0,0.0,0.0,0.0,0.0,0.0,0.0,0.0,0.0,0.0,0.0,0.0,0.0,0.0,0.0,0.0,0.0,0.0,0.0,0.0,0.0,0.0,0.0,0.0,0.0,0.0
DOM-PIS,Santiago-Navarrete (PISANO) ,19.50852054,-70.75994998,1993.0,0.0,private,72.0,1.0,24824949.0,29449717.0,31358261.0,34727911.99,51031152.32,51906663.2,291202879.9,292936282.9,46345306.82,34759834.05,39089445.76,38503009.9,44936043.66,55441461.3,61922862.3,84258181.2,103649145.3,104077258.9,0.0,105278147.3,888.0,43.0,68.0,999.0,692.0,51.0,82.0,825.0,1132.0,61.0,90.0,1283.0,1102.0,46.0,108.0,1256.0,1421.0,84.0,125.0,1630.0,1276.0,74.0,119.0,1469.0,1323.0,63.0,128.0,1514.0,1214.0,73.0,138.0,1425.0,1087.0,62.0,131.0,1280.0,947.0,54.0,105.0,1106.0,1192.0,17.0,113.0,1322.0,1399.0,75.0,121.0,1595.0,1522.0,90.0,128.0,1740.0,1744.0,122.0,169.0,2035.0,1906.0,106.0,176.0,2188.0,1875.0,95.0,184.0,2154.0
DOM-PON,Pontezuela,,,1997.0,2012.0,private,73.0,1.0,2463125.0,1760987.0,1567020.0,1078360.0,1165689.57,1219390.29,847381.58,0.0,0.0,0,0.0,3000000,2352350.0,0.0,0,0,0.0,0.0,0.0,0.0,23.0,13.0,1.0,37.0,49.0,4.0,0.0,53.0,81.0,5.0,0.0,86.0,46.0,4.0,1.0,51.0,38.0,8.0,0.0,46.0,47.0,11.0,1.0,59.0,58.0,4.0,0.0,62.0,0.0,0.0,0.0,0.0,0.0,0.0,0.0,0.0,0.0,0.0,0.0,0.0,0.0,0.0,0.0,0.0,0.0,0.0,1.0,1.0,0.0,0.0,1.0,1.0,0.0,0.0,0.0,0.0,0.0,0.0,0.0,0.0,0.0,0.0,0.0,0.0
DOM-PUE,Puerto Plata ,19.80291323,-70.72350803,1983.0,0.0,mix,74.0,1.0,7084891.3,7702847.0,7908010.0,6737670.0,7243739.7,5577664.02,3957960.35,3939774.0,3893221.55,4699014.8,2893421.81,4141555.4,6387900.94,8095878.26,8553756.2,12873522.6,13735084.78,12773110.8,0.0,9376993.83,1927.0,176.0,48.0,2151.0,1818.0,163.0,58.0,2039.0,1612.0,201.0,54.0,1867.0,1384.0,175.0,42.0,1601.0,1509.0,130.0,39.0,1678.0,915.0,99.0,20.0,1034.0,390.0,151.0,21.0,562.0,690.0,101.0,26.0,817.0,539.0,103.0,28.0,670.0,427.0,42.0,25.0,494.0,373.0,25.0,45.0,443.0,496.0,2.0,14.0,512.0,466.0,5.0,30.0,501.0,389.0,16.0,26.0,431.0,484.0,22.0,46.0,552.0,560.0,18.0,57.0,635.0
DOM-QUI,Quisqueya ,19.48858161,-70.65855914,2001.0,0.0,public,75.0,1.0,0.0,172030.0,800000.0,800000.0,200000.0,0.0,350000.0,500000.0,3350000.0,0,0.0,0,0.0,2119000.0,200000,225000,213750.0,2387506.6,0.0,2461179.34,0.0,0.0,0.0,0.0,3.0,1.0,1.0,5.0,12.0,1.0,2.0,15.0,5.0,2.0,2.0,9.0,5.0,0.0,3.0,8.0,0.0,0.0,0.0,0.0,11.0,1.0,4.0,16.0,10.0,2.0,2.0,14.0,183.0,9.0,6.0,198.0,0.0,0.0,0.0,0.0,0.0,0.0,0.0,0.0,0.0,0.0,0.0,0.0,0.0,0.0,0.0,0.0,129.0,0.0,7.0,136.0,137.0,0.0,6.0,143.0,111.0,0.0,5.0,116.0
DOM-RAF,Don Rafael ,,,2002.0,2004.0,private,76.0,1.0,0.0,0.0,2000000.0,95000.0,90000.0,0.0,0.0,0.0,0.0,0,0.0,0,0.0,0.0,0,0,0.0,0.0,0.0,0.0,0.0,0.0,0.0,0.0,0.0,0.0,0.0,0.0,80.0,2.0,5.0,87.0,65.0,2.0,3.0,70.0,1.0,0.0,1.0,2.0,0.0,0.0,0.0,0.0,0.0,0.0,0.0,0.0,0.0,0.0,0.0,0.0,0.0,0.0,0.0,0.0,0.0,0.0,0.0,0.0,0.0,0.0,0.0,0.0,0.0,0.0,0.0,0.0,0.0,0.0,0.0,0.0,0.0,0.0,0.0,0.0,0.0,0.0,0.0,0.0,0.0,0.0,0.0,0.0
DOM-RIE,Los Rieles,19.48858161,-70.65855914,2013.0,0.0,private,77.0,1.0,0.0,0.0,0.0,0.0,0.0,0.0,0.0,0.0,0.0,0,0.0,0,0.0,5676067.0,5600000,13000000,12147579.0,13785219.0,0.0,17500000.0,0.0,0.0,0.0,0.0,0.0,0.0,0.0,0.0,0.0,0.0,0.0,0.0,0.0,0.0,0.0,0.0,0.0,0.0,0.0,0.0,0.0,0.0,0.0,0.0,0.0,0.0,0.0,0.0,0.0,0.0,0.0,0.0,0.0,0.0,0.0,0.0,0.0,0.0,0.0,0.0,0.0,0.0,0.0,0.0,0.0,0.0,0.0,0.0,0.0,0.0,0.0,0.0,284.0,21.0,26.0,331.0,563.0,18.0,8.0,589.0,569.0,20.0,2.0,591.0
DOM-RII,La Romana II ,18.44349389,-68.97852859,1987.0,0.0,private,78.0,1.0,8380289.0,8748879.0,9024669.41,6396839.41,6113989.41,3964157.0,4690000.0,5483987.29,5014887.93,3984599.93,25974000.0,25939379.3,22007694.58,130033620.4,153641645.4,199692125.6,26320202.75,28177298.9,0.0,57458416.87,1597.0,83.0,31.0,1711.0,2041.0,198.0,30.0,2269.0,1664.0,127.0,35.0,1826.0,1758.0,186.0,11.0,1955.0,1926.0,154.0,20.0,2100.0,1437.0,24.0,18.0,1479.0,1116.0,15.0,16.0,1147.0,1018.0,17.0,13.0,1048.0,1024.0,17.0,6.0,1047.0,985.0,180.0,20.0,1185.0,1080.0,209.0,24.0,1313.0,1014.0,133.0,40.0,1187.0,1359.0,31.0,35.0,1425.0,1222.0,289.0,103.0,1614.0,1504.0,200.0,95.0,1799.0,1508.0,176.0,80.0,1764.0
DOM-RIO,Riosur ,18.5195064,-69.64306985,2017.0,0.0,private,79.0,1.0,0.0,0.0,0.0,0.0,0.0,0.0,0.0,0.0,0.0,0,0.0,0,0.0,0.0,0,0,0.0,956631.6,0.0,29076505.0,,,,,,,,,,,,,,,,,,,,,,,,,,,,,,,,,,,,,,,,,,,,,,,,,,,,,,,,,,,,,,,,
DOM-ROB,Los Robles,,,2013.0,2015.0,private,80.0,1.0,0.0,0.0,0.0,0.0,0.0,0.0,0.0,0.0,0.0,0,0.0,0,0.0,16653346.41,5345716.1,5276188,0.0,0.0,0.0,0.0,0.0,0.0,0.0,0.0,0.0,0.0,0.0,0.0,0.0,0.0,0.0,0.0,0.0,0.0,0.0,0.0,0.0,0.0,0.0,0.0,0.0,0.0,0.0,0.0,0.0,0.0,0.0,0.0,0.0,0.0,0.0,0.0,0.0,0.0,0.0,0.0,0.0,0.0,0.0,0.0,0.0,0.0,0.0,0.0,0.0,0.0,0.0,0.0,0.0,0.0,0.0,0.0,0.0,16.0,9.0,25.0,0.0,22.0,7.0,29.0,0.0,0.0,0.0,0.0
DOM-ROM,La Romana I ,18.41862181,-68.9476164,1969.0,0.0,private,81.0,1.0,45767112.0,45700466.0,30360202.0,2504.81,64475784.34,86871487.46,88924034.34,107540272.8,142417240.5,149027694.1,117961569.5,96090446.4,109348909.2,23976243.91,22350938.8,27487893.6,190093144.4,194745598.4,0.0,230324790.3,7915.0,518.0,184.0,8617.0,6587.0,431.0,171.0,7189.0,5035.0,190.0,115.0,5340.0,4827.0,356.0,108.0,5291.0,4803.0,198.0,102.0,5103.0,2476.0,56.0,84.0,2616.0,2894.0,77.0,105.0,3076.0,2700.0,55.0,97.0,2852.0,2682.0,56.0,102.0,2840.0,2473.0,43.0,105.0,2621.0,3012.0,49.0,107.0,3168.0,3150.0,61.0,108.0,3319.0,2950.0,82.0,101.0,3133.0,2926.0,71.0,121.0,3118.0,3066.0,87.0,146.0,3299.0,2922.0,136.0,155.0,3213.0
DOM-S12,Santiago ,19.47670339,-70.72489004,1974.0,0.0,mix,82.0,1.0,225923451.6,204519706.0,224106287.1,249613960.8,299285306.2,364876269.1,388270658.3,236055928.7,310274473.9,300025234.2,278022900.5,282651061.6,300309573.2,309542374.3,327431525,394255108.6,481804920.0,477759947.3,0.0,552219929.2,20499.0,1279.0,569.0,22347.0,17786.0,1625.0,610.0,20021.0,18297.0,1123.0,657.0,20077.0,20857.0,17572.0,1306.0,738.0,18994.0,1320.0,785.0,21099.0,14838.0,1388.0,644.0,16870.0,12664.0,1538.0,596.0,14798.0,8414.0,715.0,441.0,9570.0,7843.0,798.0,453.0,9094.0,6516.0,541.0,371.0,7428.0,6227.0,511.0,344.0,7082.0,6641.0,350.0,387.0,7378.0,7445.0,436.0,428.0,8309.0,7954.0,563.0,453.0,8970.0,8331.0,409.0,544.0,9284.0,7403.0,391.0,560.0,8354.0
DOM-SAG,Zona Franca Ind. SAG,19.43723474,-70.61735952,2012.0,0.0,private,83.0,1.0,0.0,0.0,0.0,0.0,0.0,0.0,0.0,0.0,0.0,0,0.0,0,3200000.0,4000000.0,3875000,3675420.2,4726408.12,4625335.0,0.0,4321596.0,0.0,0.0,0.0,0.0,0.0,0.0,0.0,0.0,0.0,0.0,0.0,0.0,0.0,0.0,0.0,0.0,0.0,0.0,0.0,0.0,0.0,0.0,0.0,0.0,0.0,0.0,0.0,0.0,0.0,0.0,0.0,0.0,0.0,0.0,0.0,0.0,0.0,0.0,0.0,0.0,0.0,0.0,0.0,0.0,0.0,0.0,0.0,0.0,119.0,6.0,4.0,129.0,151.0,7.0,12.0,170.0,71.0,2.0,8.0,81.0,91.0,2.0,8.0,101.0
DOM-SAL,Salcedo,,,1999.0,2012.0,public,84.0,1.0,600000.0,424000.0,108000.0,680000.0,1000000.0,1100000.0,800000.0,426870.0,1137281.22,1200000,350000.0,1000000,1000000.0,0.0,0,0,0.0,0.0,0.0,0.0,140.0,0.0,2.0,142.0,124.0,0.0,2.0,126.0,38.0,3.0,1.0,42.0,143.0,5.0,4.0,152.0,169.0,32.0,30.0,231.0,120.0,55.0,12.0,187.0,53.0,33.0,3.0,89.0,69.0,25.0,10.0,104.0,314.0,27.0,13.0,354.0,127.0,6.0,9.0,142.0,102.0,0.0,3.0,105.0,89.0,16.0,0.0,105.0,164.0,17.0,2.0,183.0,0.0,0.0,0.0,0.0,0.0,0.0,0.0,0.0,0.0,0.0,0.0,0.0
DOM-SEI,El Seibo ,18.76891317,-69.05392215,2000.0,0.0,public,85.0,1.0,0.0,1100000.0,1000000.0,1000000.0,1200000.0,1280000.0,380000.0,270000.0,485000.0,100000,180000.0,165428,350000.0,400000.0,500000,500000,750000.0,493125.0,0.0,250000.0,84.0,2.0,2.0,88.0,237.0,0.0,8.0,245.0,268.0,0.0,0.0,268.0,298.0,0.0,2.0,300.0,263.0,1.0,2.0,266.0,272.0,3.0,3.0,278.0,135.0,18.0,1.0,154.0,86.0,13.0,1.0,100.0,109.0,1.0,4.0,114.0,65.0,0.0,3.0,68.0,81.0,0.0,5.0,86.0,73.0,1.0,6.0,80.0,100.0,1.0,2.0,103.0,130.0,2.0,9.0,141.0,114.0,1.0,4.0,119.0,117.0,1.0,0.0,118.0
DOM-SLI,Parque Tecnologico de Santiago ,19.4462542,-70.639953,1993.0,0.0,private,86.0,1.0,5324144.0,5841036.0,5266436.0,5096523.67,5896089.89,6888061.78,5602682.06,6624658.03,8454945.33,8538773.87,7826394.28,6885414.8,4546693.8,9760616.35,6167959.6,7697014.1,8488603.96,9153904.0,0.0,11919603.94,440.0,9.0,18.0,467.0,429.0,25.0,21.0,475.0,252.0,12.0,24.0,288.0,160.0,9.0,26.0,195.0,236.0,23.0,26.0,285.0,206.0,17.0,41.0,264.0,34.0,4.0,18.0,56.0,17.0,6.0,9.0,32.0,56.0,1.0,17.0,74.0,82.0,2.0,7.0,91.0,63.0,3.0,9.0,75.0,85.0,5.0,9.0,99.0,87.0,5.0,10.0,102.0,83.0,3.0,9.0,95.0,66.0,1.0,10.0,77.0,73.0,1.0,13.0,87.0
DOM-SUN,Parque Industrial Zona Franca Sunsea,,,2016.0,2019.0,private,87.0,1.0,0.0,0.0,0.0,0.0,0.0,0.0,0.0,0.0,0.0,0,0.0,0,0.0,0.0,0,0,3000000.0,1500000.0,0.0,0.0,0.0,0.0,0.0,0.0,0.0,0.0,0.0,0.0,0.0,0.0,0.0,0.0,0.0,0.0,0.0,0.0,0.0,0.0,0.0,0.0,0.0,0.0,0.0,0.0,0.0,0.0,0.0,0.0,0.0,0.0,0.0,0.0,0.0,0.0,0.0,0.0,0.0,0.0,0.0,0.0,0.0,0.0,0.0,0.0,0.0,0.0,0.0,0.0,0.0,0.0,0.0,0.0,0.0,0.0,0.0,0.0,0.0,0.0,0.0,0.0,3.0,1.0,4.0,8.0
DOM-SUR,Zona Franca Ind. Del Sur,,,2014.0,0.0,private,88.0,1.0,0.0,0.0,0.0,0.0,0.0,0.0,0.0,0.0,0.0,0,0.0,0,0.0,0.0,34883.7,61550.4,58550.38,65550.0,0.0,250000.0,0.0,0.0,0.0,0.0,0.0,0.0,0.0,0.0,0.0,0.0,0.0,0.0,0.0,0.0,0.0,0.0,0.0,0.0,0.0,0.0,0.0,0.0,0.0,0.0,0.0,0.0,0.0,0.0,0.0,0.0,0.0,0.0,0.0,0.0,0.0,0.0,0.0,0.0,0.0,0.0,0.0,0.0,0.0,0.0,0.0,0.0,0.0,0.0,0.0,0.0,0.0,0.0,0.0,0.0,0.0,0.0,0.0,0.0,0.0,0.0,0.0,0.0,1.0,1.0
DOM-TAL,Intercontinental ,18.56054395,-70.07035003,2015.0,0.0,private,89.0,1.0,0.0,0.0,0.0,0.0,0.0,0.0,0.0,0.0,0.0,0,0.0,0,0.0,0.0,0,146216,1050670.4,885653.4,0.0,1888567.75,0.0,0.0,0.0,0.0,0.0,0.0,0.0,0.0,0.0,0.0,0.0,0.0,0.0,0.0,0.0,0.0,0.0,0.0,0.0,0.0,0.0,0.0,0.0,0.0,0.0,0.0,0.0,0.0,0.0,0.0,0.0,0.0,0.0,0.0,0.0,0.0,0.0,0.0,0.0,0.0,0.0,0.0,0.0,0.0,0.0,0.0,0.0,0.0,0.0,0.0,0.0,0.0,0.0,0.0,0.0,0.0,0.0,0.0,0.0,0.0,0.0,0.0,1.0,1.0
DOM-TAM,Tamboril ,19.48142597,-70.63333181,1997.0,0.0,private,90.0,1.0,220900.0,1105421.0,1712597.0,2820734.09,2960950.0,2493256.3,5051256.3,11281686.0,19152530.4,25009980.96,25743439.15,31327567.4,34757363.57,119387204.2,119205726.2,135653985.1,135588673.2,183333158.0,0.0,157767270.6,14.0,0.0,1.0,15.0,69.0,8.0,2.0,79.0,48.0,14.0,3.0,65.0,265.0,19.0,25.0,309.0,221.0,13.0,21.0,255.0,150.0,32.0,27.0,209.0,160.0,17.0,39.0,216.0,315.0,1.0,11.0,327.0,681.0,6.0,30.0,717.0,602.0,2.0,20.0,624.0,394.0,23.0,22.0,439.0,1819.0,45.0,75.0,1939.0,2086.0,58.0,79.0,2223.0,2778.0,165.0,76.0,3019.0,2387.0,217.0,104.0,2708.0,2452.0,144.0,93.0,2689.0
DOM-VEG,La Vega ,19.24673204,-70.55649026,1987.0,0.0,public,91.0,1.0,45018217.52,35333650.95,33358579.75,28916103.0,25048742.11,36825806.62,67878688.21,58628083.13,29048057.92,31272807.25,41049789.56,40072679.2,41397804.18,43884802.95,44213754.4,49863556.7,48503969.15,51092612.8,0.0,63144684.31,5597.0,277.0,156.0,6030.0,4217.0,248.0,195.0,4660.0,4557.0,187.0,153.0,4897.0,4343.0,281.0,141.0,4765.0,4393.0,241.0,157.0,4791.0,2908.0,136.0,103.0,3147.0,2978.0,140.0,110.0,3228.0,2044.0,78.0,80.0,2202.0,2027.0,64.0,71.0,2162.0,1588.0,61.0,51.0,1700.0,2427.0,82.0,60.0,2569.0,2504.0,90.0,60.0,2654.0,2404.0,122.0,51.0,2577.0,2992.0,158.0,102.0,3252.0,3053.0,125.0,70.0,3248.0,2654.0,116.0,58.0,2828.0
DOM-VER,Luperon Verde ,19.79325036,-70.68090459,2019.0,0.0,private,92.0,1.0,0.0,0.0,0.0,0.0,0.0,0.0,0.0,0.0,0.0,0,0.0,0,0.0,0.0,0,0,0.0,0.0,0.0,1085427.0,,,,,,,,,,,,,,,,,,,,,,,,,,,,,,,,,,,,,,,,,,,,,,,,,,,,,,,,,,,,,,,,
DOM-VIS,Bella Vista ,18.61321459,-69.70844704,2004.0,0.0,private,93.0,1.0,0.0,0.0,0.0,0.0,268000.0,61659000.0,58000000.0,113481652.0,131602799.7,131602799.7,140000000.0,151000000,152692579.4,151900000.0,283200500,283200500,283200500.0,284250652.0,0.0,159779498.0,0.0,0.0,0.0,0.0,0.0,0.0,0.0,0.0,0.0,0.0,0.0,0.0,0.0,0.0,0.0,0.0,1.0,0.0,4.0,5.0,97.0,11.0,12.0,120.0,44.0,20.0,28.0,92.0,58.0,1.0,21.0,80.0,56.0,1.0,31.0,88.0,36.0,5.0,29.0,70.0,120.0,3.0,38.0,161.0,66.0,41.0,34.0,141.0,56.0,18.0,49.0,123.0,52.0,19.0,47.0,118.0,123.0,10.0,84.0,217.0,336.0,19.0,94.0,449.0
DOM-YAQ,Parque Industrial y de Servicios Yaque,19.46972418,-70.71437329,2010.0,0.0,private,94.0,1.0,0.0,0.0,0.0,0.0,0.0,0.0,0.0,0.0,0.0,0,7861425.67,7876503.3,7478342.0,10877463.4,14000000,14800000,15053412.0,13598200.0,0.0,13785200.0,0.0,0.0,0.0,0.0,0.0,0.0,0.0,0.0,0.0,0.0,0.0,0.0,0.0,0.0,0.0,0.0,0.0,0.0,0.0,0.0,0.0,0.0,0.0,0.0,0.0,0.0,0.0,0.0,0.0,0.0,0.0,0.0,0.0,0.0,0.0,0.0,0.0,0.0,0.0,0.0,0.0,0.0,25.0,25.0,2.0,1.0,28.0,31.0,2.0,0.0,25.0,27.0,0.0,0.0,25.0,25.0,2.0,1.0,30.0,33.0,2.0,1.0,24.0,27.0
DOM-ZFE,,,,,,,,,89407341.28,115555165.5,103819228.7,122129320.8,153468289.0,246648419.8,338633896.3,356838732.8,476832894.9,614755059.9,612665215.3,645592057,734664960.1,0.0,706226438.4,796046472.8,815912571.9,909724247.0,0.0,887912897.7,0.0,0.0,0.0,0.0,0.0,0.0,0.0,0.0,0.0,0.0,0.0,0.0,0.0,0.0,0.0,0.0,0.0,0.0,0.0,0.0,0.0,0.0,0.0,0.0,0.0,0.0,0.0,0.0,0.0,0.0,0.0,0.0,0.0,0.0,0.0,0.0,0.0,0.0,0.0,0.0,0.0,0.0,0.0,0.0,0.0,0.0,0.0,0.0,6789.0,1851.0,878.0,9518.0,5395.0,3781.0,1107.0,10283.0,4558.0,4227.0,1661.0,10446.0,3513.0,5007.0,1411.0,9931.0
DOM-ZOF,Zofinma (Mao),19.5539567,-71.09162809,1993.0,2006.0,private,95.0,1.0,413004.0,593364.0,593364.0,593364.0,610000.0,610000.0,549000.0,0.0,0.0,0,0.0,0,0.0,0.0,0,0,0.0,0.0,0.0,0.0,82.0,2.0,3.0,87.0,151.0,6.0,2.0,159.0,135.0,6.0,2.0,143.0,128.0,2.0,5.0,135.0,127.0,1.0,5.0,133.0,243.0,15.0,9.0,267.0,223.0,15.0,9.0,247.0,0.0,0.0,0.0,0.0,0.0,0.0,0.0,0.0,0.0,0.0,0.0,0.0,0.0,0.0,0.0,0.0,0.0,0.0,0.0,0.0,0.0,0.0,0.0,0.0,0.0,0.0,0.0,0.0,0.0,0.0,0.0,0.0,0.0,0.0,0.0,0.0
