index_left,code,name,latitude,longitude,start,close,type,sez_id,origin ,inv2000,inv2001,inv2002,inv2003,inv2004,inv2005,inv2006,inv2007,inv2008,inv2009,inv2010,inv2011,inv2012,inv2013,inv2014,inv2015,inv2016,ob_f_2000,tec_f_2000,adm_f_2000,ob_f_2001,tec_f_2001,adm_f_2001,ob_f_2002,tec_f_2002,adm_f_2002,ob_f_2003,tec_f_2003,adm_f_2003,ob_f_2004,tec_f_2004,adm_f_2004,ob_f_2005,tec_f_2005,adm_f_2005,ob_f_2006,tec_f_2006,adm_f_2006,ob_f_2007,tec_f_2007,adm_f_2007,ob_f_2008,tec_f_2008,adm_f_2008,ob_f_2009,tec_f_2009,adm_f_2009,ob_f_2010,tec_f_2010,adm_f_2010,ob_f_2011,tec_f_2011,adm_f_2011,ob_f_2012,tec_f_2012,adm_f_2012,ob_f_2014,tec_f_2014,adm_f_2014,ob_f_2015,tec_f_2015,adm_f_2015,ob_f_2016,tec_f_2016,adm_f_2016,ob_m_2000,tec_m_2000,adm_m_2000,ob_m_2001,tec_m_2001,adm_m_2001,ob_m_2002,tec_m_2002,adm_m_2002,ob_m_2003,tec_m_2003,adm_m_2003,ob_m_2004,tec_m_2004,adm_m_2004,ob_m_2005,tec_m_2005,adm_m_2005,ob_m_2006,tec_m_2006,adm_m_2006,ob_m_2007,tec_m_2007,adm_m_2007,ob_m_2008,tec_m_2008,adm_m_2008,ob_m_2009,tec_m_2009,adm_m_2009,ob_m_2010,tec_m_2010,adm_m_2010,ob_m_2011,tec_m_2011,adm_m_2011,ob_m_2012,tec_m_2012,adm_m_2012,ob_m_2014,tec_m_2014,adm_m_2014,ob_m_2015,tec_m_2015,adm_m_2015,ob_m_2016,tec_m_2016,adm_m_2016,ent2000,ent2001,ent2002,ent2003,ent2004,ent2005,ent2006,ent2007,ent2008,ent2009,ent2010,ent2011,ent2012,ent2013,ent2014,ent2015,ent2016,ele2000,ele2001,ele2002,ele2003,ele2004,ele2005,ele2006,ele2007,ele2008,ele2009,ele2010,ele2011,ele2012,ele2013,ele2014,ele2015,ele2016,com2000,com2001,com2002,com2003,com2004,com2005,com2006,com2007,com2008,com2009,com2010,com2011,com2012,com2013,com2014,com2015,com2016,inf2000,inf2001,inf2002,inf2003,inf2004,inf2005,inf2006,inf2007,inf2008,inf2009,inf2010,inf2011,inf2012,inf2013,inf2014,inf2015,inf2016,wat2000,wat2001,wat2002,wat2003,wat2004,wat2005,wat2006,wat2007,wat2008,wat2009,wat2010,wat2011,wat2012,wat2013,wat2014,wat2015,wat2016,tss2000,tss2001,tss2002,tss2003,tss2004,tss2005,tss2006,tss2007,tss2008,tss2009,tss2010,tss2011,tss2012,tss2013,tss2014,tss2015,tss2016,buiilt2000,buiilt2001,buiilt2002,buiilt2003,buiilt2004,buiilt2005,buiilt2006,buiilt2007,buiilt2008,buiilt2009,buiilt2010,buiilt2011,buiilt2012,buiilt2013,buiilt2014,buiilt2015,buiilt2016,ocu2000,ocu2001,ocu2002,ocu2003,ocu2004,ocu2005,ocu2006,ocu2007,ocu2008,ocu2009,ocu2010,ocu2011,ocu2012,ocu2013,ocu2014,ocu2015,ocu2016,sal_op2000,sal_op2001,sal_op2002,sal_op2003,sal_op2004,sal_op2005,sal_op2006,sal_op2007,sal_op2008,sal_op2009,sal_op2010,sal_op2011,sal_op2012,sal_op2013,sal_op2014,sal_op2015,sal_op2016,sal_tec2000,sal_tec2001,sal_tec2002,sal_tec2003,sal_tec2004,sal_tec2005,sal_tec2006,sal_tec2007,sal_tec2008,sal_tec2009,sal_tec2010,sal_tec2011,sal_tec2012,sal_tec2013,sal_tec2014,sal_tec2015,sal_tec2016,id,shapeName,COORD_X,COORD_Y
1403.0,DOM-CIPDOM-JANDOM-HIPDOM-LEODOM-YAQDOM-JOBDOM-S12DOM-EMIDOM-CTQDOM-SAGDOM-LIMDOM-SLIDOM-ELVDOM-PALDOM-TAMDOM-FLODOM-GURDOM-RIEDOM-QUIDOM-INEDOM-CDFDOM-PISDOM-PAMDOM-NORDOM-KGCDOM-CADDOM-NAV,Caribbean Industrial Park Ecopark Industrial Free Zone La Herradura Industrial Park  Parque Industrial Eduardo Leon Jimenes Parque Industrial y de Servicios YaqueZona Franca Jobo IndustrialSantiago Zona Franca Industrial Emimar Parque Industrial CTQ Zona Franca Ind. SAGEl Limonal Parque Tecnologico de Santiago Parque Industrial Elva MariaLa Palma Tamboril La Flor Dominicana Gurabo Los RielesQuisqueya Parque Industrial INETAB Parque Industrial CDFSantiago-Navarrete (PISANO) Palmarejo Zona Franca Industrial del NorteParque Ind. KG Compania ComercialLos Candelones Navarrete ,525.97288951,-1908.78752544,54172.0,0.0,privateprivateprivateprivateprivateprivatemixprivateprivateprivateprivateprivateprivateprivateprivateprivateprivateprivatepublicprivateprivateprivateprivateprivateprivateprivateprivate,51.370370370370374,27.0,315725681.6,345294347.77,364883618.41,369451402.31,510577315.59,629246222.99,875997487.4499999,776733584.67,573015052.91,567462913.8399999,569051897.57,545850454.1,569046563.42,687889722.47,733601175.7,877246646.4,1004293302.36,25544.0,1941.0,982.0,22353.0,1963.0,932.0,23211.0,1589.0,1184.0,23082.0,1756.0,1627.0,26251.0,1819.0,1473.0,20515.0,2209.0,1215.0,18141.0,2081.0,1028.0,14809.0,1463.0,1052.0,13077.0,1482.0,881.0,10652.0,1121.0,686.0,10188.0,976.0,710.0,12556.0,868.0,866.0,14553.0,1142.0,935.0,18170.0,1477.0,1237.0,20071.0,1346.0,1573.0,19408.0,1752.0,1568.0,26264.0,3330.0,1258.0,22580.0,3468.0,1216.0,25644.0,3573.0,1572.0,24339.0,3572.0,1723.0,28299.0,3387.0,1442.0,22723.0,3587.0,1398.0,18824.0,3391.0,1167.0,13852.0,2982.0,1166.0,12104.0,2891.0,992.0,11179.0,2255.0,899.0,11138.0,2117.0,949.0,12644.0,2295.0,968.0,14356.0,3104.0,1040.0,18622.0,3912.0,1436.0,18952.0,3877.0,1700.0,19196.0,4653.0,1601.0,127.0,139.0,150.0,156.0,166.0,163.0,159.0,155.0,155.0,147.0,149.0,161.0,165.0,173.0,188.0,197.0,206.0,132735371.17,142073180.75,149831217.71,300082973.28,535709978.38,520514840.69,543846765.6400001,409192662.69,350467243.85,303905097.76,310116088.82,435055587.11,571913740.6700001,609900941.48,802878348.79,783495478.04,925555.19,0.0,0.0,0.0,41606242.05,70714395.14,67649780.11,70478451.3,68508993.38,60829686.24,62689775.58,59179786.06,91470811.39,100616759.5,61188425.89,77092251.39,88373138.41,94357.38,15662854.47,18171183.049999997,21846632.48,24338309.43,46686128.49,37511117.6,35909036.89,34816285.55,27707895.84,24631930.73,68438373.84,29690620.090000004,34802131.06,45584578.35,56029813.24999999,62432795.92,68081.89,15788098.53,15858439.209999999,21262026.779999997,38733311.169999994,33345884.169999998,49598867.43,56583499.9,35555492.37,33129204.77,32603990.14,24848818.220000003,41099199.75,42407745.11,53519201.050000004,69235184.08,76216824.9,77454.41,114389475.0,93024729.72,109126260.03000002,123256500.95000002,109920914.7,130908299.59000002,100101055.14000002,318565556.82,801647977.22,613645155.1700001,626384288.33,745299245.62,813494245.34,1039132478.4599999,1160814967.24,1668197649.18,1374479.2,6143797.0,6390368.3100000005,6600738.88,6777864.0,6945974.9799999995,7127806.0600000005,7474182.34,7534122.2,7649416.640000001,7607205.55,7868855.44,7986170.11,8147778.8,9149427.120000001,9297495.83,9917207.22,11323706.51,5595246.0,6040309.3100000005,6386531.21,6564126.0,6814342.9799999995,6589726.16,6694989.4,5809707.0,6106247.74,5813821.1899999995,5975586.89,6587643.2,6848242.91,8735056.629999999,8976430.67,9564173.74,10970193.49,267.62148148148145,295.77814814814815,312.5003703703704,402.53222222222223,503.5537037037037,586.7274074074074,651.6033333333334,614.2111111111111,697.2888888888889,754.0877777777778,798.2248148148147,869.9037037037037,977.2018518518519,1243.0285185185185,1471.7837037037038,1861.8155555555554,2113.6081481481483,547.2777777777778,582.2244444444444,646.2166666666666,769.7848148148149,1112.2755555555555,1132.1251851851853,1454.904814814815,1298.7866666666666,1486.718888888889,1414.6166666666668,1580.7955555555554,1736.7403703703703,1831.5125925925925,2243.057407407407,2870.54037037037,3640.3074074074075,4265.67,0.0,SantiagoSantiagoSantiagoSantiagoSantiagoSantiagoSantiagoSantiagoSantiagoSantiagoSantiagoSantiagoSantiagoSantiagoSantiagoSantiagoSantiagoSantiagoSantiagoSantiagoSantiagoSantiagoSantiagoSantiagoSantiagoSantiagoSantiago,-1914.3064626593255,521.9065975938184
45.0,DOM-FRADOM-CON,San Francisco de Macoris Conacado Industrial Park ,38.59910975,-140.56374986,4003.0,0.0,publicprivate,23.0,2.0,5331860.0,5737738.0,5276529.0,5152726.27,5617302.37,2347939.3,1990981.67,645107.69,596096.89,999000.0,131939.96,1053438.3,588095.0,18422061.16,18544510.7,17328060.299999997,18024474.61,514.0,24.0,11.0,395.0,22.0,20.0,641.0,4.0,19.0,512.0,2.0,18.0,596.0,9.0,20.0,317.0,6.0,14.0,296.0,14.0,15.0,264.0,5.0,16.0,41.0,5.0,7.0,43.0,5.0,1.0,50.0,5.0,1.0,63.0,5.0,2.0,60.0,5.0,2.0,67.0,10.0,6.0,70.0,14.0,53.0,78.0,24.0,81.0,398.0,27.0,10.0,357.0,35.0,13.0,519.0,67.0,6.0,480.0,32.0,6.0,408.0,41.0,5.0,301.0,47.0,5.0,284.0,37.0,5.0,222.0,31.0,1.0,29.0,19.0,1.0,18.0,17.0,1.0,19.0,18.0,1.0,23.0,21.0,2.0,27.0,23.0,4.0,149.0,46.0,10.0,88.0,43.0,70.0,161.0,64.0,56.0,5.0,6.0,5.0,5.0,5.0,4.0,4.0,2.0,2.0,1.0,1.0,2.0,2.0,3.0,3.0,3.0,3.0,1271259.0,1262821.0,1171659.02,3107986.38,4597762.1,3857469.33,4265731.7,3714134.71,682100.99,724743.81,694055.57,1072866.99,1087059.64,7416478.58,5712695.94,8765173.78,8731.05,0.0,0.0,0.0,504653.03,802987.27,1069807.25,790240.25,394075.88,101375.12,100809.59,100414.48,119289.24,149412.62,2890719.28,1457503.03,2444582.42,2771.14,133094.38,169572.0,139932.25,134164.82,872913.0,341433.69,352767.02,280707.02,38193.93,52802.0,60331.0,73794.0,85744.26,500461.0,600808.2,671853.87,541.5600000000001,155744.0,144790.0,183425.0,183970.0,199660.0,189315.4,406065.77,131864.66,26718.0,26718.0,26718.0,26718.0,29936.0,26718.0,27803.33,434817.16,439.04,1937598.0,2471334.0,1855853.22,2494719.22,1513103.0,1704888.96,1538836.81,4880664.06,3319852.88,1211011.08,1611791.29,1985346.79,1945604.44,11656997.39,12838872.870000001,35908875.79,12088.0,152007.0,180935.0,180935.0,180935.0,147515.0,164584.0,164584.0,164584.0,164584.0,164584.0,164584.0,164584.0,164584.0,198324.95,207134.35,207134.35,205978.44,107925.0,180935.0,164935.0,149470.0,147515.0,164584.0,98694.0,82897.0,82897.0,16584.0,48989.0,81654.0,64746.58,103482.58,103482.58,107466.94,110580.61,273.59,382.46,366.8,402.9,453.575,567.635,590.23,513.46,539.425,623.5,623.075,623.075,739.615,2263.35,2353.0699999999997,2419.955,2409.995,787.5,2130.0,690.0,732.8,920.0,1462.875,1525.375,1125.0,1125.0,1000.0,1250.0,1250.0,1400.0,4837.5,4445.17,4595.719999999999,4595.74,1.0,DuarteDuarte,-140.1637653108231,38.51801702161185
0.0,0,0,0.0,0.0,0.0,0.0,0,0.0,0.0,0.0,0.0,0.0,0.0,0.0,0.0,0.0,0.0,0.0,0.0,0.0,0.0,0.0,0.0,0.0,0.0,0.0,0.0,0.0,0.0,0.0,0.0,0.0,0.0,0.0,0.0,0.0,0.0,0.0,0.0,0.0,0.0,0.0,0.0,0.0,0.0,0.0,0.0,0.0,0.0,0.0,0.0,0.0,0.0,0.0,0.0,0.0,0.0,0.0,0.0,0.0,0.0,0.0,0.0,0.0,0.0,0.0,0.0,0.0,0.0,0.0,0.0,0.0,0.0,0.0,0.0,0.0,0.0,0.0,0.0,0.0,0.0,0.0,0.0,0.0,0.0,0.0,0.0,0.0,0.0,0.0,0.0,0.0,0.0,0.0,0.0,0.0,0.0,0.0,0.0,0.0,0.0,0.0,0.0,0.0,0.0,0.0,0.0,0.0,0.0,0.0,0.0,0.0,0.0,0.0,0.0,0.0,0.0,0.0,0.0,0.0,0.0,0.0,0.0,0.0,0.0,0.0,0.0,0.0,0.0,0.0,0.0,0.0,0.0,0.0,0.0,0.0,0.0,0.0,0.0,0.0,0.0,0.0,0.0,0.0,0.0,0.0,0.0,0.0,0.0,0.0,0.0,0.0,0.0,0.0,0.0,0.0,0.0,0.0,0.0,0.0,0.0,0.0,0.0,0.0,0.0,0.0,0.0,0.0,0.0,0.0,0.0,0.0,0.0,0.0,0.0,0.0,0.0,0.0,0.0,0.0,0.0,0.0,0.0,0.0,0.0,0.0,0.0,0.0,0.0,0.0,0.0,0.0,0.0,0.0,0.0,0.0,0.0,0.0,0.0,0.0,0.0,0.0,0.0,0.0,0.0,0.0,0.0,0.0,0.0,0.0,0.0,0.0,0.0,0.0,0.0,0.0,0.0,0.0,0.0,0.0,0.0,0.0,0.0,0.0,0.0,0.0,0.0,0.0,0.0,0.0,0.0,0.0,0.0,0.0,0.0,0.0,0.0,0.0,0.0,0.0,0.0,0.0,0.0,0.0,0.0,0.0,0.0,0.0,0.0,0.0,0.0,0.0,0.0,0.0,0.0,0.0,0.0,0.0,0.0,0.0,0.0,0.0,0.0,0.0,0.0,0.0,0.0,0.0,0.0,0.0,0.0,0.0,0.0,0.0,0.0,0.0,0.0,0.0,0.0,0.0,0.0,0.0,0.0,0.0,0.0,0.0,0.0,0.0,0.0,0.0,0.0,0.0,2.0,ElÃ­as PiÃ±a,-71.6107295246733,18.999643096428606
33.0,DOM-HAT,Hato Mayor ,18.76258519,-69.26597733,1990.0,0.0,public,34.0,1.0,2376975.0,2081975.0,1351975.0,1141975.0,1141975.0,1241975.0,1301975.0,600000.0,480000.0,0.0,0.0,350000.0,3501456.0,1141975.0,1201975.0,1401975.0,1237451.0,309.0,8.0,6.0,454.0,1.0,3.0,237.0,3.0,3.0,247.0,3.0,4.0,267.0,6.0,5.0,330.0,5.0,6.0,590.0,4.0,8.0,519.0,15.0,7.0,280.0,7.0,6.0,0.0,0.0,0.0,0.0,0.0,0.0,58.0,2.0,2.0,159.0,6.0,5.0,120.0,12.0,7.0,119.0,11.0,7.0,144.0,22.0,9.0,166.0,17.0,12.0,228.0,12.0,6.0,110.0,14.0,9.0,98.0,14.0,2.0,94.0,14.0,2.0,118.0,17.0,4.0,157.0,6.0,2.0,131.0,32.0,3.0,53.0,12.0,2.0,0.0,0.0,0.0,0.0,0.0,0.0,20.0,1.0,1.0,65.0,8.0,0.0,51.0,10.0,2.0,51.0,10.0,2.0,55.0,10.0,2.0,3.0,2.0,1.0,1.0,1.0,2.0,2.0,2.0,2.0,0.0,0.0,1.0,1.0,1.0,1.0,1.0,1.0,0.0,191325.4,317265.07,689937.68,1033823.0,1156172.85,11411760.55,1550157.69,1373647.19,0.0,0.0,1205000.0,1488861.54,1362799.0,2015763.11,2316299.2,1820.91,0.0,0.0,0.0,185789.93,168289.0,432544.17,3439481.18,951364.95,287485.56,0.0,0.0,40500.0,92270.16,100173.0,242151.71,242151.71,392.56,0.0,66213.43,134091.69,109119.16,141385.0,192756.89,373877.66,269957.19,296327.15,0.0,0.0,64400.0,64105.0,116052.0,213042.0,213042.0,200.24,0.0,53991.0,84186.0,41257.5,37290.0,372130.0,382275.84,167537.0,26746.2,0.0,0.0,30000.0,44076.0,45932.4,45932.4,45932.4,34.2,0.0,1464406.36,393885.86,680984.38,5143272.0,730462.7,1738237.94,5178699.49,13329847.85,5091840.89,0.0,1308828.94,2074890.22,6140043.1,0.0,0.0,6035.39,82000.0,68033.0,68033.0,51846.0,68034.0,55019.0,55019.0,55019.0,55019.0,0.0,0.0,55019.0,55019.0,711387.96,88375.65,88375.65,61688.68,66097.0,54436.0,39581.0,39500.0,55019.0,55019.0,55019.0,55019.0,27510.0,0.0,0.0,55019.0,39581.4,711387.96,79397.6,79397.6,61688.68,587.33,700.0,822.0,750.0,821.4,1039.44,1122.0,1131.5,1144.0,0.0,0.0,1063.0,1500.0,1665.0,1666.0,1666.0,1916.0,1700.0,3250.0,1395.0,2000.0,2100.0,2500.0,3500.0,3500.0,3500.0,0.0,0.0,2800.0,3300.0,3800.0,5000.0,5000.0,5000.0,3.0,Hato Mayor,-69.3699778981292,18.86425925581934
91.0,DOM-VEG,La Vega ,19.24673204,-70.55649026,1987.0,0.0,public,91.0,1.0,45018217.52,35333650.95,33358579.75,28916103.0,25048742.11,36825806.62,67878688.21,58628083.13,29048057.92,31272807.25,41049789.56,40072679.2,41397804.18,43884802.95,44213754.4,49863556.7,48503969.15,5597.0,277.0,156.0,4217.0,248.0,195.0,4557.0,187.0,153.0,4343.0,281.0,141.0,4393.0,241.0,157.0,2908.0,136.0,103.0,2978.0,140.0,110.0,2044.0,78.0,80.0,2027.0,64.0,71.0,1588.0,61.0,51.0,2427.0,82.0,60.0,2504.0,90.0,60.0,2404.0,122.0,51.0,2992.0,158.0,102.0,3053.0,125.0,70.0,2654.0,116.0,58.0,6720.0,526.0,204.0,4970.0,451.0,243.0,5415.0,542.0,140.0,5182.0,587.0,136.0,4700.0,607.0,154.0,3224.0,349.0,139.0,3032.0,383.0,140.0,2100.0,242.0,72.0,2027.0,266.0,111.0,1616.0,239.0,62.0,2528.0,332.0,58.0,2245.0,390.0,64.0,2200.0,449.0,59.0,2982.0,468.0,131.0,2901.0,453.0,77.0,2508.0,442.0,90.0,30.0,28.0,32.0,32.0,30.0,21.0,27.0,24.0,22.0,19.0,23.0,21.0,19.0,18.0,16.0,17.0,17.0,19505860.5,18458617.35,25404777.15,36287644.7,62456738.43,42998044.02,55704977.32,37044662.79,30021879.85,22856282.57,35713830.0,50243306.14,57437671.39,67115276.52,129657135.5,61770972.74,50380.11,0.0,0.0,0.0,6395237.19,8066854.47,6693525.45,9667117.76,6660364.34,5135740.31,2792625.3,3636941.93,4709304.3,4885253.45,4497035.91,4984907.91,5568246.32,6435.25,2669151.67,10642320.08,3302158.89,2877482.27,3806124.69,3271956.75,3962920.62,2169976.68,1872791.36,1099318.98,1724458.5,2388481.0,2583834.45,3403121.05,11961332.15,4513150.0,4535.28,1031627.0,813431.79,528176.65,1383746.7,1579188.62,633163.5,1276016.28,882786.0,770575.63,413403.0,740548.49,1073158.17,895640.7,1050411.41,1886356.32,1793569.0,2539.47,18751875.0,87093851.53,24636162.19,33048282.13,16118619.59,13783180.84,16521788.65,23892615.3,42926959.0,15508283.6,46127044.08,58945323.97,58689408.68,86171875.77,102344837.0,107008260.7,109065.73,1283873.0,1116683.0,1116683.0,1116683.0,1228505.0,1208176.0,1208176.0,1208176.0,1208176.0,1208176.0,1208176.0,1173226.0,1173226.0,1122197.2,1122197.2,1122197.0,1261076.26,1283873.0,1116683.0,1116683.0,1116683.0,1228505.0,1208176.0,1208176.0,1093112.0,1093112.0,1048074.0,1021199.0,1142783.0,920888.74,994814.98,1067969.53,1122197.0,1157306.67,716.77,720.88,779.86,846.96,1024.4,1170.43,1233.65,1281.53,1358.65,1329.78,1466.29,1584.76,1727.62,1894.85,1942.0,2176.73,2221.09,1608.1,1740.93,1657.9,1769.4,2185.83,2490.48,2891.53,3836.31,2984.12,3021.27,3190.84,3356.29,3686.81,3737.21,4189.4,4754.71,4671.84,4.0,La Vega,-70.63115679515816,19.053889630369557
18.0,DOM-COT,Cotui,19.03592402,-70.15049018,1990.0,2009.0,public,18.0,1.0,848212.12,647057.0,707666.0,674500.0,991500.0,1270000.0,350200.0,332690.0,350200.0,350200.0,0.0,0.0,0.0,0.0,0.0,0.0,0.0,167.0,7.0,8.0,176.0,6.0,6.0,171.0,16.0,6.0,175.0,17.0,4.0,203.0,13.0,4.0,166.0,12.0,5.0,164.0,8.0,2.0,144.0,8.0,2.0,130.0,6.0,3.0,116.0,8.0,3.0,0.0,0.0,0.0,0.0,0.0,0.0,0.0,0.0,0.0,0.0,0.0,0.0,0.0,0.0,0.0,0.0,0.0,0.0,173.0,15.0,8.0,154.0,22.0,5.0,184.0,26.0,10.0,188.0,27.0,4.0,204.0,32.0,5.0,191.0,25.0,5.0,155.0,16.0,2.0,134.0,16.0,2.0,91.0,14.0,2.0,85.0,18.0,2.0,0.0,0.0,0.0,0.0,0.0,0.0,0.0,0.0,0.0,0.0,0.0,0.0,0.0,0.0,0.0,0.0,0.0,0.0,3.0,3.0,3.0,2.0,3.0,3.0,1.0,1.0,1.0,1.0,0.0,0.0,0.0,0.0,0.0,0.0,0.0,129982.91,251000.0,347500.0,566000.0,1468666.0,739950.0,934400.0,1344448.8,1048400.0,872600.0,0.0,0.0,0.0,0.0,0.0,0.0,0.0,0.0,0.0,0.0,118884.87,375912.0,175973.0,203065.0,203065.0,187501.0,143447.0,0.0,0.0,0.0,0.0,0.0,0.0,0.0,15626.01,25668.49,102016.41,19675.96,23802.0,42693.36,55857.0,59092.16,91114.84,95049.0,0.0,0.0,0.0,0.0,0.0,0.0,0.0,5800.0,14353.0,34844.0,52604.0,36132.0,35859.0,43800.0,55920.0,0.0,0.0,0.0,0.0,0.0,0.0,0.0,0.0,0.0,393397.8,561580.54,709817.98,385548.0,1235538.0,636303.0,568595.95,1858074.08,2618099.29,1585289.23,809798.75,0.0,0.0,0.0,0.0,0.0,0.0,65142.0,56564.14,56564.0,56564.0,56608.0,82965.0,82965.0,82965.0,82965.0,82965.0,0.0,0.0,0.0,0.0,0.0,0.0,0.0,65142.0,43940.0,43941.0,43941.0,56608.0,33186.0,60430.0,49779.0,49779.0,71272.0,0.0,0.0,0.0,0.0,0.0,0.0,0.0,512.33,601.33,625.0,875.0,949.0,1324.66,1027.0,1100.0,1130.0,0.0,0.0,0.0,0.0,0.0,0.0,0.0,0.0,1141.33,1565.33,1200.0,1600.0,3233.33,2328.33,2500.0,3000.0,2500.0,0.0,0.0,0.0,0.0,0.0,0.0,0.0,0.0,5.0,SÃ¡nchez RamÃ­rez,-70.13832495470038,19.018593202564283
0.0,0,0,0.0,0.0,0.0,0.0,0,0.0,0.0,0.0,0.0,0.0,0.0,0.0,0.0,0.0,0.0,0.0,0.0,0.0,0.0,0.0,0.0,0.0,0.0,0.0,0.0,0.0,0.0,0.0,0.0,0.0,0.0,0.0,0.0,0.0,0.0,0.0,0.0,0.0,0.0,0.0,0.0,0.0,0.0,0.0,0.0,0.0,0.0,0.0,0.0,0.0,0.0,0.0,0.0,0.0,0.0,0.0,0.0,0.0,0.0,0.0,0.0,0.0,0.0,0.0,0.0,0.0,0.0,0.0,0.0,0.0,0.0,0.0,0.0,0.0,0.0,0.0,0.0,0.0,0.0,0.0,0.0,0.0,0.0,0.0,0.0,0.0,0.0,0.0,0.0,0.0,0.0,0.0,0.0,0.0,0.0,0.0,0.0,0.0,0.0,0.0,0.0,0.0,0.0,0.0,0.0,0.0,0.0,0.0,0.0,0.0,0.0,0.0,0.0,0.0,0.0,0.0,0.0,0.0,0.0,0.0,0.0,0.0,0.0,0.0,0.0,0.0,0.0,0.0,0.0,0.0,0.0,0.0,0.0,0.0,0.0,0.0,0.0,0.0,0.0,0.0,0.0,0.0,0.0,0.0,0.0,0.0,0.0,0.0,0.0,0.0,0.0,0.0,0.0,0.0,0.0,0.0,0.0,0.0,0.0,0.0,0.0,0.0,0.0,0.0,0.0,0.0,0.0,0.0,0.0,0.0,0.0,0.0,0.0,0.0,0.0,0.0,0.0,0.0,0.0,0.0,0.0,0.0,0.0,0.0,0.0,0.0,0.0,0.0,0.0,0.0,0.0,0.0,0.0,0.0,0.0,0.0,0.0,0.0,0.0,0.0,0.0,0.0,0.0,0.0,0.0,0.0,0.0,0.0,0.0,0.0,0.0,0.0,0.0,0.0,0.0,0.0,0.0,0.0,0.0,0.0,0.0,0.0,0.0,0.0,0.0,0.0,0.0,0.0,0.0,0.0,0.0,0.0,0.0,0.0,0.0,0.0,0.0,0.0,0.0,0.0,0.0,0.0,0.0,0.0,0.0,0.0,0.0,0.0,0.0,0.0,0.0,0.0,0.0,0.0,0.0,0.0,0.0,0.0,0.0,0.0,0.0,0.0,0.0,0.0,0.0,0.0,0.0,0.0,0.0,0.0,0.0,0.0,0.0,0.0,0.0,0.0,0.0,0.0,0.0,0.0,0.0,0.0,0.0,0.0,0.0,0.0,0.0,0.0,0.0,0.0,6.0,SamanÃ¡,-69.4834634771695,19.226248938848098
120.0,DOM-ZOFDOM-ESP,Zofinma (Mao)Esperanza ,39.14776908,-142.07064033,3981.0,2006.0,privatepublic,60.5,2.0,25588100.0,18942631.0,13571699.35,13415066.37,17104059.369999997,17068862.259999998,15677216.15,26105748.75,28691078.0,25574506.0,28160673.0,22456491.7,21562882.0,13765140.0,22563480.0,21882449.0,19795843.72,2359.0,105.0,172.0,2508.0,73.0,173.0,2434.0,102.0,138.0,2584.0,124.0,181.0,2610.0,175.0,105.0,2324.0,149.0,104.0,2200.0,106.0,114.0,1260.0,194.0,47.0,1134.0,78.0,52.0,1177.0,66.0,83.0,1457.0,102.0,87.0,824.0,61.0,46.0,579.0,64.0,54.0,727.0,90.0,49.0,993.0,88.0,54.0,1055.0,92.0,52.0,4520.0,181.0,330.0,3995.0,143.0,310.0,3390.0,286.0,275.0,4055.0,301.0,361.0,3768.0,474.0,161.0,2761.0,229.0,161.0,2780.0,179.0,249.0,2398.0,296.0,68.0,1561.0,226.0,63.0,1780.0,217.0,118.0,1766.0,140.0,109.0,1087.0,92.0,83.0,1008.0,125.0,160.0,1662.0,188.0,138.0,1770.0,192.0,140.0,1757.0,222.0,112.0,11.0,10.0,10.0,11.0,11.0,10.0,7.0,6.0,6.0,8.0,8.0,6.0,4.0,5.0,6.0,6.0,6.0,10320123.02,23656495.09,11803978.96,22973698.19,42828423.28,30802375.889999997,3207541.31,32366169.94,27035862.11,24216673.43,29460537.51,22457580.01,14917069.85,7783729.34,12163312.0,28329627.02,28788.4,0.0,0.0,0.0,2540946.7199999997,2691950.78,3626538.1999999997,621725.06,2138450.21,2089375.6,1518836.68,1609078.23,2061739.49,2096991.52,597288.45,1150624.84,4242648.8,5126.37,1403431.0,1777138.77,1844471.18,2751134.81,3908810.8800000004,4294486.32,430982.67,3934617.92,2189339.07,2354881.0,3674774.0,2454459.5,2067027.0,829491.3,1421702.34,2938003.2,4187.29,242884.0,268157.0,609361.59,1683170.19,1539375.85,1258324.09,98196.0,1555832.35,1321031.1,1527619.28,1296558.94,1346949.2,1070635.68,259071.2,316144.6,1690076.12,2006.3,8574906.04,14639855.7,10261779.74,16397763.88,13510886.77,11678025.629999999,1327060.45,47197889.84,55337825.15,56081496.45,78520783.23,54124216.8,44572745.02,36741950.52,53087174.97,68525580.21,91748.26,717713.0,717713.0,350487.0,351705.0,426483.88,569487.34,524506.5700000001,528342.42,545494.34,545494.34,545494.34,545494.34,545494.34,545494.34,545494.34,548530.94,548530.94,717713.0,717713.0,350487.0,335705.0,410983.88,469114.83,464321.91,415988.28,507133.0,367372.34,454746.12,299993.51,373076.21,466714.26,545494.34,548530.94,548530.94,779.925,799.5,789.655,946.855,1200.78,1413.25,1311.88,742.77,868.585,934.515,958.625,808.335,950.0,1062.74,1125.815,1175.745,1151.495,1915.0,2185.5,2195.4,1967.5,2324.04,3650.0,3735.125,1650.0,1775.0,1926.645,1720.815,1656.25,1850.0,2218.75,2442.855,2612.69,2510.66,7.0,ValverdeValverde,-142.0832955634804,39.17132364457721
50.0,DOM-INTDOM-BAR,Interexport Free Zone Barahona ,36.43336639,-142.21187819,3999.0,0.0,privatepublic,25.5,2.0,6064000.0,15789255.0,14750000.0,18400000.0,13000000.0,26000000.0,25800000.0,33000000.0,33000000.0,5000000.0,53300000.0,54400000.0,54400000.0,25393296.560000002,20678000.0,20678000.0,25000000.0,656.0,42.0,23.0,1031.0,59.0,25.0,731.0,45.0,0.0,541.0,25.0,1.0,550.0,60.0,25.0,690.0,17.0,18.0,265.0,25.0,10.0,200.0,28.0,7.0,60.0,10.0,30.0,42.0,1.0,7.0,43.0,1.0,11.0,15.0,0.0,15.0,16.0,0.0,13.0,523.0,157.0,23.0,734.0,70.0,44.0,734.0,71.0,42.0,473.0,80.0,32.0,787.0,164.0,26.0,650.0,61.0,3.0,623.0,48.0,21.0,750.0,155.0,25.0,485.0,27.0,8.0,670.0,20.0,10.0,610.0,30.0,10.0,460.0,20.0,20.0,210.0,20.0,20.0,308.0,50.0,21.0,242.0,62.0,26.0,232.0,56.0,24.0,515.0,157.0,74.0,694.0,94.0,77.0,716.0,93.0,79.0,3.0,3.0,3.0,3.0,2.0,2.0,2.0,2.0,2.0,1.0,2.0,2.0,2.0,2.0,2.0,2.0,2.0,7226794.0,321000.0,12840215.64,30269420.79,42455245.6,45337430.0,45337430.0,40000000.0,38500000.0,23000000.0,31225151.74,39484739.95,29213861.28,46048904.4,11497156.131,49702477.49,51580.5,0.0,0.0,0.0,0.0,1840320.55,360000.0,360000.0,700000.0,1200000.0,600000.0,1733991.0,1263464.04,1146066.47,4955098.67,2698535.73,4452938.43,3997.7700000000004,234224.39,38400.0,496800.0,735581.9,0.0,360000.0,360000.0,600000.0,720000.0,68000.0,905044.0,658382.5,643347.5,1279695.8199999998,415468.0,968775.24,1653.22,36750.0,53400.0,0.0,0.0,58860.0,113000.0,113000.0,400000.0,264000.0,172000.0,262964.0,263115.6,258552.4,372688.4,199434.4,620611.73,1744.4,1126650.0,330000.0,3256070.0,1630382.78,2887882.12,3000000.0,0.0,10000000.0,6291685.04,0.0,8487878.38,5137158.94,20226367.310000002,21628107.810000002,15886205.29,59380628.2,39039.979999999996,235592.0,498249.0,498249.0,498249.0,498249.0,276405.0,276405.0,276405.0,276405.0,276405.0,349787.0,349787.0,349787.0,348580.8,348579.87,348579.87,372802.14,235592.0,498249.0,498249.0,498249.0,276405.0,276405.0,276405.0,226157.0,226157.0,223116.0,294499.0,313360.0,349787.0,348580.8,348579.87,348579.87,372802.14,400.0,369.105,400.0,487.5,500.0,499.0,562.5,587.75,565.2,623.5,1587.5,1483.5,1508.5,2538.5,2683.3,1850.0,1967.06,1583.335,633.335,783.335,1075.0,1125.0,775.0,750.0,1050.0,750.0,750.0,3800.0,3100.0,3100.0,6250.0,6850.0,3309.5,3314.5,8.0,BarahonaBarahona,-142.430797548886,36.33526028232751
159.0,DOM-ROMDOM-RII,La Romana I La Romana II ,36.862115700000004,-137.92614499,3956.0,0.0,privateprivate,79.5,2.0,54147401.0,54449345.0,39384871.41,6399344.22,70589773.75,90835644.46,93614034.34,113024260.09,147432128.43,153012294.03,143935569.5,122029825.7,131356603.78,154009864.31,175992584.20000002,227180019.2,216413347.15,9512.0,601.0,215.0,8628.0,629.0,201.0,6699.0,317.0,150.0,6585.0,542.0,119.0,6729.0,352.0,122.0,3913.0,80.0,102.0,4010.0,92.0,121.0,3718.0,72.0,110.0,3706.0,73.0,108.0,3458.0,223.0,125.0,4092.0,258.0,131.0,4164.0,194.0,148.0,4309.0,113.0,136.0,4148.0,360.0,224.0,4570.0,287.0,241.0,4430.0,312.0,235.0,5007.0,896.0,277.0,4525.0,981.0,238.0,4067.0,571.0,213.0,3549.0,509.0,193.0,3239.0,410.0,193.0,1672.0,313.0,160.0,1656.0,331.0,147.0,1528.0,306.0,164.0,1561.0,303.0,167.0,1282.0,401.0,181.0,1647.0,527.0,198.0,1631.0,581.0,232.0,1915.0,404.0,226.0,1979.0,374.0,263.0,1912.0,482.0,342.0,1796.0,384.0,341.0,26.0,25.0,22.0,18.0,17.0,12.0,13.0,11.0,11.0,10.0,9.0,10.0,10.0,10.0,11.0,12.0,10.0,44086929.08,58371304.31,43061204.92,66597555.28,108584827.72,56365735.239999995,52167696.400000006,50755415.239999995,62925638.33,48196839.56,49919212.67,64959785.89,73730121.03999999,120598894.28,148532273.91,150352100.06,164893.72999999998,0.0,0.0,0.0,3739587.04,5603409.15,9306885.82,7999270.24,8593569.14,7599549.390000001,8170127.789999999,9247703.85,9320934.31,8784508.29,10837673.96,18911493.78,16398530.42,24024.61,5255715.34,3880333.65,3180289.78,3489366.02,4574371.62,3797016.37,3017098.98,3626758.31,3776959.8200000003,4572607.18,4631478.18,5340727.720000001,6355185.15,8367867.0,10665589.67,11440829.379999999,12372.66,1753985.0,2009896.15,2206153.75,3017745.2,1639629.42,676632.64,1386528.24,1389048.25,1156180.8,1949562.0,1896265.65,1629829.0,1539761.19,1907301.0,1941729.35,2399512.25,3100.26,41930766.13,37219406.56,30242509.529999997,30623045.36,21340375.619999997,14091876.149999999,16312321.620000001,44223319.2,88090085.39,73805773.86,116259889.26,131525824.96,137301206.66,172914927.87,182708768.57,219594418.53,244341.96,1440989.0,1390989.0,1602548.0,1602548.0,1602548.0,1513599.49,1513599.49,1607452.49,1118105.0,1269721.0,1269721.0,1269721.0,1269721.0,1097493.0,1134235.0,1134235.0,1269721.0,1440989.0,1260132.0,1219698.0,1111794.0,1080587.0,768988.0,855511.0,788027.0,801641.0,984719.0,762290.3300000001,889916.0,927215.0,974085.0,1046204.0,1078250.78,1192696.0,721.405,717.2750000000001,700.5799999999999,942.7049999999999,1102.41,1591.44,1383.46,1355.915,1486.92,1421.1100000000001,1622.095,1559.4,1855.88,1908.12,2359.16,2566.09,2493.09,1896.615,1917.07,1696.74,1978.37,2474.475,3677.665,3058.335,3245.485,3252.0249999999996,3488.6400000000003,3802.8199999999997,3380.05,3704.425,3695.315,5465.65,4846.825,3960.6,9.0,La RomanaLa Romana,-137.85008235837674,36.89259584426529
68.0,DOM-DOSDOM-HISDOM-BON,Dos Rios  La Hispaniola  Bonao ,56.760563950000005,-211.18388084999998,5999.0,0.0,privateprivatepublic,23.0,3.0,7371588.75,6199952.0,8030856.0,6515255.25,9978904.25,14055873.950000001,88068093.86,79102683.75,118909738.34,116770085.75,116210115.0,70633388.9,102231768.95,215623549.47,215917893.0,216250218.0,220004892.18,1918.0,13.0,23.0,1539.0,23.0,24.0,1111.0,5.0,20.0,1595.0,8.0,31.0,1538.0,6.0,28.0,1489.0,14.0,24.0,1208.0,24.0,30.0,810.0,7.0,45.0,645.0,24.0,60.0,493.0,29.0,35.0,470.0,43.0,16.0,577.0,51.0,41.0,377.0,77.0,63.0,392.0,46.0,84.0,431.0,48.0,75.0,437.0,46.0,68.0,1667.0,74.0,27.0,1137.0,75.0,20.0,966.0,29.0,18.0,1334.0,73.0,11.0,1335.0,55.0,16.0,1223.0,55.0,13.0,1547.0,65.0,68.0,1712.0,53.0,88.0,1395.0,284.0,94.0,1592.0,72.0,50.0,1464.0,89.0,23.0,1483.0,80.0,20.0,1058.0,400.0,66.0,1616.0,465.0,79.0,1618.0,471.0,81.0,1598.0,459.0,81.0,9.0,7.0,6.0,6.0,6.0,9.0,10.0,7.0,5.0,6.0,5.0,4.0,4.0,5.0,5.0,5.0,5.0,3027130.25,3240635.45,4772521.11,10371273.48,10814822.07,23640171.869999997,23291148.83,145221712.32,142550936.54,46989899.73,22721687.43,245863675.42999998,277568798.79,336278819.64,342777165.95,353608568.75,212490.47,0.0,0.0,0.0,1750786.35,1602793.17,1813285.92,3364613.45,4389400.55,3812507.04,3562089.85,4837642.97,6185260.54,4407459.32,3391494.94,6548008.359999999,4949098.5,4252.0,648183.09,835232.49,307111.23,319901.72,606118.14,671409.3,787138.68,1767535.3399999999,2404481.53,2829870.2,2539796.0,3374067.0,3040262.0,4182345.4,5486864.25,6147511.25,5463.7300000000005,35432.0,28432.0,32522.0,907728.78,234589.08,556297.8,371096.2,1206926.91,785226.21,771806.2,544902.4,572492.23,926671.35,1732993.5,3239234.18,2813207.74,2504.17,5771109.01,8682549.77,4979754.66,4459479.29,5068724.17,31055418.61,6272388.66,22782295.5,57463903.160000004,54998300.8,63948368.84,73165658.87,70420851.41,85214005.72,109574129.24,127899842.82,132519.13999999998,390593.0,278577.0,392327.0,392327.0,500155.0,577790.0,1241482.0,1246862.0,1216583.35,2303923.4,2303923.4,2154158.4,2154158.4,2166951.67,2235307.52,2204403.35,2215568.62,331615.0,278577.0,312735.59,312735.0,500155.0,517046.0,1118762.0,1067125.0,1081458.35,2167321.4,1885570.4,1886618.4,1856790.43,2556608.55,1873141.33,1983042.99,2057474.58,193.0,222.33333333333334,219.16666666666666,260.73,327.3333333333333,781.1666666666666,1890.6566666666668,1383.3133333333335,1536.5,2471.2066666666665,2045.0633333333335,1845.6533333333334,2099.6433333333334,2925.0033333333336,3639.0,3072.89,3468.06,358.3333333333333,698.6666666666666,418.6666666666667,431.9433333333333,543.0566666666667,2102.8566666666666,3139.4733333333334,2855.2766666666666,3113.556666666667,5084.14,3440.5766666666664,3935.9166666666665,5791.3,4695.526666666667,5764.556666666666,5665.360000000001,5708.52,10.0,MonseÃ±or NouelMonseÃ±or NouelMonseÃ±or Nouel,-211.24582542835827,56.71768743229571
0.0,0,0,0.0,0.0,0.0,0.0,0,0.0,0.0,0.0,0.0,0.0,0.0,0.0,0.0,0.0,0.0,0.0,0.0,0.0,0.0,0.0,0.0,0.0,0.0,0.0,0.0,0.0,0.0,0.0,0.0,0.0,0.0,0.0,0.0,0.0,0.0,0.0,0.0,0.0,0.0,0.0,0.0,0.0,0.0,0.0,0.0,0.0,0.0,0.0,0.0,0.0,0.0,0.0,0.0,0.0,0.0,0.0,0.0,0.0,0.0,0.0,0.0,0.0,0.0,0.0,0.0,0.0,0.0,0.0,0.0,0.0,0.0,0.0,0.0,0.0,0.0,0.0,0.0,0.0,0.0,0.0,0.0,0.0,0.0,0.0,0.0,0.0,0.0,0.0,0.0,0.0,0.0,0.0,0.0,0.0,0.0,0.0,0.0,0.0,0.0,0.0,0.0,0.0,0.0,0.0,0.0,0.0,0.0,0.0,0.0,0.0,0.0,0.0,0.0,0.0,0.0,0.0,0.0,0.0,0.0,0.0,0.0,0.0,0.0,0.0,0.0,0.0,0.0,0.0,0.0,0.0,0.0,0.0,0.0,0.0,0.0,0.0,0.0,0.0,0.0,0.0,0.0,0.0,0.0,0.0,0.0,0.0,0.0,0.0,0.0,0.0,0.0,0.0,0.0,0.0,0.0,0.0,0.0,0.0,0.0,0.0,0.0,0.0,0.0,0.0,0.0,0.0,0.0,0.0,0.0,0.0,0.0,0.0,0.0,0.0,0.0,0.0,0.0,0.0,0.0,0.0,0.0,0.0,0.0,0.0,0.0,0.0,0.0,0.0,0.0,0.0,0.0,0.0,0.0,0.0,0.0,0.0,0.0,0.0,0.0,0.0,0.0,0.0,0.0,0.0,0.0,0.0,0.0,0.0,0.0,0.0,0.0,0.0,0.0,0.0,0.0,0.0,0.0,0.0,0.0,0.0,0.0,0.0,0.0,0.0,0.0,0.0,0.0,0.0,0.0,0.0,0.0,0.0,0.0,0.0,0.0,0.0,0.0,0.0,0.0,0.0,0.0,0.0,0.0,0.0,0.0,0.0,0.0,0.0,0.0,0.0,0.0,0.0,0.0,0.0,0.0,0.0,0.0,0.0,0.0,0.0,0.0,0.0,0.0,0.0,0.0,0.0,0.0,0.0,0.0,0.0,0.0,0.0,0.0,0.0,0.0,0.0,0.0,0.0,0.0,0.0,0.0,0.0,0.0,0.0,0.0,0.0,0.0,0.0,0.0,0.0,11.0,Monte Cristi,-71.44858555905236,19.7202147330765
69.0,DOM-PED,Pedernales ,18.03212506,-71.7361763,1991.0,0.0,public,69.0,1.0,182000.0,182000.0,150000.0,266000.0,300000.0,300000.0,550000.0,600000.0,2050000.0,2050000.0,28000000.0,17000000.0,17000000.0,11500000.0,9000000.0,11829180.1,12000000.0,1.0,1.0,1.0,59.0,0.0,2.0,43.0,0.0,3.0,60.0,1.0,1.0,88.0,4.0,4.0,80.0,4.0,2.0,116.0,0.0,4.0,217.0,10.0,3.0,222.0,5.0,4.0,185.0,9.0,6.0,291.0,7.0,10.0,305.0,0.0,11.0,194.0,3.0,8.0,182.0,0.0,8.0,248.0,0.0,7.0,349.0,0.0,10.0,1.0,3.0,1.0,7.0,0.0,1.0,6.0,0.0,1.0,14.0,2.0,1.0,25.0,5.0,3.0,32.0,4.0,3.0,112.0,5.0,3.0,124.0,14.0,7.0,147.0,11.0,5.0,435.0,20.0,12.0,233.0,21.0,6.0,274.0,2.0,6.0,156.0,18.0,4.0,165.0,7.0,7.0,244.0,7.0,13.0,284.0,5.0,5.0,1.0,1.0,1.0,1.0,1.0,1.0,1.0,1.0,1.0,1.0,1.0,1.0,1.0,1.0,1.0,1.0,1.0,0.0,24000.0,24000.0,95710.29,250361.0,284351.0,730876.41,823787.63,823787.63,922866.82,1115044.36,1659603.39,875241.0,2064024.15,1712396.98,1641805.95,1745.54,0.0,0.0,0.0,95961.73,83351.0,95546.0,230081.25,261733.27,261733.77,241654.36,225580.13,211238.74,215354.0,285128.35,416231.83,318687.67,347.41,0.0,0.0,0.0,0.0,0.0,0.0,94507.0,121956.5,121956.5,290000.0,652869.0,358782.0,458231.0,0.0,0.0,0.0,747.49,0.0,0.0,0.0,0.0,23192.0,18654.0,143000.0,249547.0,249547.0,1982.0,126140.0,292755.0,176254.0,0.0,0.0,0.0,0.0,0.0,108.0,90000.0,72020.0,65767.0,0.0,478127.6,402857.74,4362261.64,5668127.36,8569554.05,11247387.82,9177708.51,8609534.13,733991.4,0.0,4846.1,30401.06,30401.0,30401.0,30401.0,30401.0,30401.0,60000.0,60000.0,80000.0,80000.0,80000.0,100457.0,100457.0,100457.0,100457.0,100457.0,100457.0,30401.0,30401.0,30401.0,30401.0,30401.0,30401.0,60000.0,60000.0,80000.0,80000.0,80000.0,100457.0,100457.0,100457.0,100457.0,100457.0,100457.0,600.0,575.0,575.0,847.0,900.0,936.0,1000.0,1000.0,1000.0,1000.0,1154.0,1300.0,1425.0,1580.0,1805.0,1800.0,1743.6,850.0,0.0,0.0,2500.0,2600.0,2354.0,3092.0,2220.0,2800.0,2800.0,2770.0,2800.0,2800.0,3500.0,3500.0,3500.0,3145.0,12.0,Pedernales,-71.53465386009536,17.960616890181495
7.0,DOM-BAN,Bani,18.25315476,-70.40511741,1986.0,0.0,private,7.0,1.0,15539933.25,12655436.88,9491743.0,8464186.23,11476981.97,11633110.54,11181251.34,10623336.78,30910851.47,28193395.0,10800470.35,11832510.3,10903773.99,4495089.35,4170565.5,5021427.1,7576911.08,3286.0,104.0,40.0,2723.0,82.0,28.0,2185.0,58.0,30.0,2034.0,73.0,31.0,2184.0,98.0,20.0,1962.0,97.0,22.0,1183.0,84.0,16.0,883.0,90.0,13.0,1035.0,103.0,13.0,647.0,103.0,9.0,493.0,74.0,16.0,538.0,72.0,9.0,324.0,75.0,10.0,159.0,4.0,16.0,255.0,23.0,26.0,235.0,38.0,19.0,1066.0,96.0,90.0,1038.0,98.0,101.0,797.0,135.0,50.0,850.0,154.0,46.0,985.0,101.0,23.0,936.0,95.0,30.0,654.0,59.0,24.0,441.0,55.0,16.0,498.0,70.0,12.0,309.0,54.0,13.0,346.0,49.0,22.0,393.0,51.0,19.0,191.0,49.0,12.0,201.0,77.0,31.0,131.0,40.0,33.0,132.0,54.0,18.0,11.0,11.0,9.0,9.0,8.0,10.0,8.0,6.0,7.0,5.0,6.0,6.0,6.0,5.0,7.0,7.0,7.0,5251803.98,3153149.06,3614146.12,6870899.33,9353623.31,9066274.95,6442155.34,5868480.39,4476381.38,3431317.66,7711990.19,9525893.83,10891060.06,2821259.32,2783958.92,4967735.6,6491.47,0.0,0.0,0.0,1284632.25,1913874.03,1924319.62,1961682.95,1879179.61,1792031.44,2104759.61,2595124.47,2187942.39,2672284.25,412106.56,958293.04,1478174.86,1388.77,847448.58,582717.94,639097.44,1006133.71,1168661.01,997643.26,824660.11,600845.44,478238.69,789637.82,785209.75,516147.5,619017.32,141818.72,238145.6,404979.81,538.36,129226.0,320910.0,185969.6,310655.86,301136.0,462374.0,404351.8,353703.8,278929.0,246166.66,322045.0,362455.08,286146.0,157783.91,289496.4,429835.08,766.45,8583658.52,9424323.58,7215875.4,6166225.07,5952381.83,10238552.77,5140003.74,12644412.11,23111357.53,33686060.71,10096906.3,20538705.08,2958098.68,3959273.19,4263878.51,5068662.78,4758.06,419156.0,419156.0,419156.0,419156.0,419156.0,380148.0,380148.0,380148.0,380148.0,430138.0,430138.0,430138.0,430138.0,430138.0,430138.0,430138.0,430138.0,402666.0,307882.0,328448.0,276442.0,295440.0,305886.0,270686.0,187639.0,202732.0,200133.0,221675.0,222738.0,129855.0,97135.0,235911.0,235911.0,325286.0,606.8,724.96,726.12,825.37,1056.18,1229.03,1311.49,1225.02,1367.12,1496.4,1569.25,1875.22,2718.83,1885.83,1891.12,2365.14,2461.5,1496.91,1579.92,1509.52,1607.14,2148.95,2677.5,2959.48,2969.17,2927.98,3268.0,3412.46,3684.9,4803.13,4141.25,4004.09,5295.21,5286.29,13.0,Peravia,-70.37209758255226,18.334343465282593
166.0,DOM-VERDOM-PUE,Luperon Verde Puerto Plata ,39.59616359,-141.40441262000002,4002.0,0.0,privatemix,83.0,2.0,7084891.3,7702847.0,7908010.0,6737670.0,7243739.7,5577664.02,3957960.35,3939774.0,3893221.55,4699014.8,2893421.81,4141555.4,6387900.94,8095878.26,8553756.2,12873522.6,13735084.78,1927.0,176.0,48.0,1818.0,163.0,58.0,1612.0,201.0,54.0,1384.0,175.0,42.0,1509.0,130.0,39.0,915.0,99.0,20.0,390.0,151.0,21.0,690.0,101.0,26.0,539.0,103.0,28.0,427.0,42.0,25.0,373.0,25.0,45.0,496.0,2.0,14.0,466.0,5.0,30.0,389.0,16.0,26.0,484.0,22.0,46.0,560.0,18.0,57.0,1251.0,144.0,39.0,1190.0,175.0,47.0,1091.0,302.0,38.0,1439.0,404.0,30.0,1161.0,347.0,32.0,697.0,262.0,31.0,304.0,295.0,25.0,606.0,162.0,22.0,501.0,161.0,21.0,368.0,117.0,22.0,353.0,32.0,42.0,421.0,20.0,12.0,502.0,30.0,17.0,375.0,77.0,20.0,406.0,83.0,24.0,292.0,54.0,28.0,10.0,11.0,12.0,11.0,10.0,9.0,8.0,7.0,6.0,10.0,7.0,6.0,7.0,6.0,6.0,9.0,10.0,5311906.08,6382882.63,4801949.0,9841753.51,14868005.65,11835927.0,10330810.56,11371193.78,7811303.43,10479512.62,52109546.38,6687413.52,8351288.95,9195261.13,9095511.43,13816381.09,12543.54,0.0,0.0,0.0,2546894.34,3495653.66,2751093.2,2193230.15,1756401.01,1183492.16,2900046.61,7905337.29,770961.32,1926275.46,1004942.44,901997.26,2037517.29,2170.7,786084.04,631521.55,667121.58,735598.13,791875.3,803361.37,865168.59,913969.94,818299.71,447281.7,4182443.12,167248.8,315526.0,394529.82,608851.0,1150966.61,1098.78,145265.0,129193.0,1234113.0,648764.22,756115.0,805447.47,453290.4,401389.02,214065.0,180449.0,6263721.21,118063.12,82041.0,118915.0,120081.5,231799.5,450.31,19892838.13,6419805.95,8956667.0,6659583.19,3581763.78,3011085.08,3522521.2,20366645.86,18774578.16,15721814.43,45396213.8,7312274.6,10192293.64,19794155.08,19743281.3,27061971.07,25730.32,418591.0,407889.0,431740.51,431740.0,444629.0,444629.0,444629.0,444629.0,444629.0,383353.57,412793.17,412793.17,412793.17,447903.0,447903.0,447903.0,451935.0,381467.0,393169.0,418358.0,418358.0,339683.0,171600.68,171150.59,153961.0,150579.34,368633.57,390573.17,289169.57,192134.17,310461.0,390491.0,412368.0,369515.0,308.47,308.5,403.03,439.46,565.835,573.37,593.83,729.08,784.67,748.255,918.25,830.25,911.86,892.43,955.2,1130.42,1185.565,718.565,640.275,743.245,860.0,1028.45,1083.615,1153.07,1445.625,1484.75,1532.19,1761.465,1662.5,2250.0,1987.055,1787.5,1892.5,2233.335,14.0,Puerto PlataPuerto Plata,-141.59729990657678,39.48880977004587
0.0,0,0,0.0,0.0,0.0,0.0,0,0.0,0.0,0.0,0.0,0.0,0.0,0.0,0.0,0.0,0.0,0.0,0.0,0.0,0.0,0.0,0.0,0.0,0.0,0.0,0.0,0.0,0.0,0.0,0.0,0.0,0.0,0.0,0.0,0.0,0.0,0.0,0.0,0.0,0.0,0.0,0.0,0.0,0.0,0.0,0.0,0.0,0.0,0.0,0.0,0.0,0.0,0.0,0.0,0.0,0.0,0.0,0.0,0.0,0.0,0.0,0.0,0.0,0.0,0.0,0.0,0.0,0.0,0.0,0.0,0.0,0.0,0.0,0.0,0.0,0.0,0.0,0.0,0.0,0.0,0.0,0.0,0.0,0.0,0.0,0.0,0.0,0.0,0.0,0.0,0.0,0.0,0.0,0.0,0.0,0.0,0.0,0.0,0.0,0.0,0.0,0.0,0.0,0.0,0.0,0.0,0.0,0.0,0.0,0.0,0.0,0.0,0.0,0.0,0.0,0.0,0.0,0.0,0.0,0.0,0.0,0.0,0.0,0.0,0.0,0.0,0.0,0.0,0.0,0.0,0.0,0.0,0.0,0.0,0.0,0.0,0.0,0.0,0.0,0.0,0.0,0.0,0.0,0.0,0.0,0.0,0.0,0.0,0.0,0.0,0.0,0.0,0.0,0.0,0.0,0.0,0.0,0.0,0.0,0.0,0.0,0.0,0.0,0.0,0.0,0.0,0.0,0.0,0.0,0.0,0.0,0.0,0.0,0.0,0.0,0.0,0.0,0.0,0.0,0.0,0.0,0.0,0.0,0.0,0.0,0.0,0.0,0.0,0.0,0.0,0.0,0.0,0.0,0.0,0.0,0.0,0.0,0.0,0.0,0.0,0.0,0.0,0.0,0.0,0.0,0.0,0.0,0.0,0.0,0.0,0.0,0.0,0.0,0.0,0.0,0.0,0.0,0.0,0.0,0.0,0.0,0.0,0.0,0.0,0.0,0.0,0.0,0.0,0.0,0.0,0.0,0.0,0.0,0.0,0.0,0.0,0.0,0.0,0.0,0.0,0.0,0.0,0.0,0.0,0.0,0.0,0.0,0.0,0.0,0.0,0.0,0.0,0.0,0.0,0.0,0.0,0.0,0.0,0.0,0.0,0.0,0.0,0.0,0.0,0.0,0.0,0.0,0.0,0.0,0.0,0.0,0.0,0.0,0.0,0.0,0.0,0.0,0.0,0.0,0.0,0.0,0.0,0.0,0.0,0.0,0.0,0.0,0.0,0.0,0.0,0.0,15.0,San JosÃ© de Ocoa,-70.49515802966565,18.618844150205398
0.0,0,0,0.0,0.0,0.0,0.0,0,0.0,0.0,0.0,0.0,0.0,0.0,0.0,0.0,0.0,0.0,0.0,0.0,0.0,0.0,0.0,0.0,0.0,0.0,0.0,0.0,0.0,0.0,0.0,0.0,0.0,0.0,0.0,0.0,0.0,0.0,0.0,0.0,0.0,0.0,0.0,0.0,0.0,0.0,0.0,0.0,0.0,0.0,0.0,0.0,0.0,0.0,0.0,0.0,0.0,0.0,0.0,0.0,0.0,0.0,0.0,0.0,0.0,0.0,0.0,0.0,0.0,0.0,0.0,0.0,0.0,0.0,0.0,0.0,0.0,0.0,0.0,0.0,0.0,0.0,0.0,0.0,0.0,0.0,0.0,0.0,0.0,0.0,0.0,0.0,0.0,0.0,0.0,0.0,0.0,0.0,0.0,0.0,0.0,0.0,0.0,0.0,0.0,0.0,0.0,0.0,0.0,0.0,0.0,0.0,0.0,0.0,0.0,0.0,0.0,0.0,0.0,0.0,0.0,0.0,0.0,0.0,0.0,0.0,0.0,0.0,0.0,0.0,0.0,0.0,0.0,0.0,0.0,0.0,0.0,0.0,0.0,0.0,0.0,0.0,0.0,0.0,0.0,0.0,0.0,0.0,0.0,0.0,0.0,0.0,0.0,0.0,0.0,0.0,0.0,0.0,0.0,0.0,0.0,0.0,0.0,0.0,0.0,0.0,0.0,0.0,0.0,0.0,0.0,0.0,0.0,0.0,0.0,0.0,0.0,0.0,0.0,0.0,0.0,0.0,0.0,0.0,0.0,0.0,0.0,0.0,0.0,0.0,0.0,0.0,0.0,0.0,0.0,0.0,0.0,0.0,0.0,0.0,0.0,0.0,0.0,0.0,0.0,0.0,0.0,0.0,0.0,0.0,0.0,0.0,0.0,0.0,0.0,0.0,0.0,0.0,0.0,0.0,0.0,0.0,0.0,0.0,0.0,0.0,0.0,0.0,0.0,0.0,0.0,0.0,0.0,0.0,0.0,0.0,0.0,0.0,0.0,0.0,0.0,0.0,0.0,0.0,0.0,0.0,0.0,0.0,0.0,0.0,0.0,0.0,0.0,0.0,0.0,0.0,0.0,0.0,0.0,0.0,0.0,0.0,0.0,0.0,0.0,0.0,0.0,0.0,0.0,0.0,0.0,0.0,0.0,0.0,0.0,0.0,0.0,0.0,0.0,0.0,0.0,0.0,0.0,0.0,0.0,0.0,0.0,0.0,0.0,0.0,0.0,0.0,0.0,16.0,San Juan,-71.28908856783252,18.876758811278098
0.0,0,0,0.0,0.0,0.0,0.0,0,0.0,0.0,0.0,0.0,0.0,0.0,0.0,0.0,0.0,0.0,0.0,0.0,0.0,0.0,0.0,0.0,0.0,0.0,0.0,0.0,0.0,0.0,0.0,0.0,0.0,0.0,0.0,0.0,0.0,0.0,0.0,0.0,0.0,0.0,0.0,0.0,0.0,0.0,0.0,0.0,0.0,0.0,0.0,0.0,0.0,0.0,0.0,0.0,0.0,0.0,0.0,0.0,0.0,0.0,0.0,0.0,0.0,0.0,0.0,0.0,0.0,0.0,0.0,0.0,0.0,0.0,0.0,0.0,0.0,0.0,0.0,0.0,0.0,0.0,0.0,0.0,0.0,0.0,0.0,0.0,0.0,0.0,0.0,0.0,0.0,0.0,0.0,0.0,0.0,0.0,0.0,0.0,0.0,0.0,0.0,0.0,0.0,0.0,0.0,0.0,0.0,0.0,0.0,0.0,0.0,0.0,0.0,0.0,0.0,0.0,0.0,0.0,0.0,0.0,0.0,0.0,0.0,0.0,0.0,0.0,0.0,0.0,0.0,0.0,0.0,0.0,0.0,0.0,0.0,0.0,0.0,0.0,0.0,0.0,0.0,0.0,0.0,0.0,0.0,0.0,0.0,0.0,0.0,0.0,0.0,0.0,0.0,0.0,0.0,0.0,0.0,0.0,0.0,0.0,0.0,0.0,0.0,0.0,0.0,0.0,0.0,0.0,0.0,0.0,0.0,0.0,0.0,0.0,0.0,0.0,0.0,0.0,0.0,0.0,0.0,0.0,0.0,0.0,0.0,0.0,0.0,0.0,0.0,0.0,0.0,0.0,0.0,0.0,0.0,0.0,0.0,0.0,0.0,0.0,0.0,0.0,0.0,0.0,0.0,0.0,0.0,0.0,0.0,0.0,0.0,0.0,0.0,0.0,0.0,0.0,0.0,0.0,0.0,0.0,0.0,0.0,0.0,0.0,0.0,0.0,0.0,0.0,0.0,0.0,0.0,0.0,0.0,0.0,0.0,0.0,0.0,0.0,0.0,0.0,0.0,0.0,0.0,0.0,0.0,0.0,0.0,0.0,0.0,0.0,0.0,0.0,0.0,0.0,0.0,0.0,0.0,0.0,0.0,0.0,0.0,0.0,0.0,0.0,0.0,0.0,0.0,0.0,0.0,0.0,0.0,0.0,0.0,0.0,0.0,0.0,0.0,0.0,0.0,0.0,0.0,0.0,0.0,0.0,0.0,0.0,0.0,0.0,0.0,0.0,0.0,17.0,Santiago RodrÃ­guez,-71.3231993375833,19.379630328071098
0.0,0,0,0.0,0.0,0.0,0.0,0,0.0,0.0,0.0,0.0,0.0,0.0,0.0,0.0,0.0,0.0,0.0,0.0,0.0,0.0,0.0,0.0,0.0,0.0,0.0,0.0,0.0,0.0,0.0,0.0,0.0,0.0,0.0,0.0,0.0,0.0,0.0,0.0,0.0,0.0,0.0,0.0,0.0,0.0,0.0,0.0,0.0,0.0,0.0,0.0,0.0,0.0,0.0,0.0,0.0,0.0,0.0,0.0,0.0,0.0,0.0,0.0,0.0,0.0,0.0,0.0,0.0,0.0,0.0,0.0,0.0,0.0,0.0,0.0,0.0,0.0,0.0,0.0,0.0,0.0,0.0,0.0,0.0,0.0,0.0,0.0,0.0,0.0,0.0,0.0,0.0,0.0,0.0,0.0,0.0,0.0,0.0,0.0,0.0,0.0,0.0,0.0,0.0,0.0,0.0,0.0,0.0,0.0,0.0,0.0,0.0,0.0,0.0,0.0,0.0,0.0,0.0,0.0,0.0,0.0,0.0,0.0,0.0,0.0,0.0,0.0,0.0,0.0,0.0,0.0,0.0,0.0,0.0,0.0,0.0,0.0,0.0,0.0,0.0,0.0,0.0,0.0,0.0,0.0,0.0,0.0,0.0,0.0,0.0,0.0,0.0,0.0,0.0,0.0,0.0,0.0,0.0,0.0,0.0,0.0,0.0,0.0,0.0,0.0,0.0,0.0,0.0,0.0,0.0,0.0,0.0,0.0,0.0,0.0,0.0,0.0,0.0,0.0,0.0,0.0,0.0,0.0,0.0,0.0,0.0,0.0,0.0,0.0,0.0,0.0,0.0,0.0,0.0,0.0,0.0,0.0,0.0,0.0,0.0,0.0,0.0,0.0,0.0,0.0,0.0,0.0,0.0,0.0,0.0,0.0,0.0,0.0,0.0,0.0,0.0,0.0,0.0,0.0,0.0,0.0,0.0,0.0,0.0,0.0,0.0,0.0,0.0,0.0,0.0,0.0,0.0,0.0,0.0,0.0,0.0,0.0,0.0,0.0,0.0,0.0,0.0,0.0,0.0,0.0,0.0,0.0,0.0,0.0,0.0,0.0,0.0,0.0,0.0,0.0,0.0,0.0,0.0,0.0,0.0,0.0,0.0,0.0,0.0,0.0,0.0,0.0,0.0,0.0,0.0,0.0,0.0,0.0,0.0,0.0,0.0,0.0,0.0,0.0,0.0,0.0,0.0,0.0,0.0,0.0,0.0,0.0,0.0,0.0,0.0,0.0,0.0,18.0,Distrito Nacional,-69.9416778805582,18.484626083093584
85.0,DOM-SEI,El Seibo ,18.76891317,-69.05392215,2000.0,0.0,public,85.0,1.0,0.0,1100000.0,1000000.0,1000000.0,1200000.0,1280000.0,380000.0,270000.0,485000.0,100000.0,180000.0,165428.0,350000.0,400000.0,500000.0,500000.0,750000.0,84.0,2.0,2.0,237.0,0.0,8.0,268.0,0.0,0.0,298.0,0.0,2.0,263.0,1.0,2.0,272.0,3.0,3.0,135.0,18.0,1.0,86.0,13.0,1.0,109.0,1.0,4.0,65.0,0.0,3.0,81.0,0.0,5.0,73.0,1.0,6.0,100.0,1.0,2.0,130.0,2.0,9.0,114.0,1.0,4.0,117.0,1.0,0.0,53.0,6.0,3.0,7.0,9.0,4.0,3.0,11.0,7.0,24.0,0.0,2.0,81.0,2.0,2.0,104.0,8.0,3.0,58.0,8.0,4.0,15.0,6.0,1.0,9.0,5.0,3.0,2.0,1.0,3.0,5.0,2.0,0.0,8.0,2.0,2.0,11.0,4.0,0.0,7.0,2.0,6.0,17.0,3.0,1.0,13.0,2.0,1.0,1.0,1.0,1.0,1.0,1.0,2.0,2.0,1.0,2.0,1.0,1.0,1.0,2.0,2.0,2.0,2.0,2.0,0.0,0.0,0.0,0.0,0.0,1059585.08,0.0,612457.0,785000.0,336000.0,540000.0,521478.0,542318.0,300000.0,855805.0,909547.0,919.6,0.0,0.0,0.0,51516.0,95540.0,162826.17,439202.0,165365.25,181800.0,69600.0,66720.0,68251.0,77769.0,13400.0,93528.0,138000.0,146.28,0.0,79024.0,80000.0,80000.0,85000.0,18547.0,159505.21,10458.0,50078.64,30000.0,30000.0,23251.0,53038.0,12320.0,85058.0,107324.0,102.37,0.0,60000.0,36000.0,36000.0,38450.0,58471.4,0.0,20245.0,56493.0,22356.0,22344.0,32002.0,34344.0,21724.0,39802.0,22344.0,32.84,0.0,790246.0,480000.0,480000.0,200000.0,0.0,497872.54,135016.0,457382.55,598589.94,941028.41,1388704.73,1503183.87,1636707.65,1836406.72,2171268.1,2750.05,48561.0,32375.0,48561.0,32374.0,48563.0,48563.0,48563.0,48563.0,48563.0,48563.0,48563.0,48563.0,48563.0,487111.04,48711.04,48711.04,48775.71,16187.0,32375.0,32374.0,32374.0,48563.0,32375.0,32375.0,32375.0,32375.0,16188.0,16040.0,48563.0,48563.0,487111.04,48711.04,48711.04,48775.71,570.0,610.0,649.0,844.0,950.0,1012.0,1030.48,1142.58,1117.0,1450.0,1450.0,1475.0,1567.62,1671.34,1707.5,1937.85,1919.0,850.0,1600.0,1200.0,2000.0,2100.0,1999.5,3000.0,3650.0,6000.0,4500.0,4500.0,4800.0,3811.5,3811.5,3722.5,2875.0,3700.0,19.0,El Seibo,-69.04548801681678,18.81960669088768
58.0,DOM-MOC,Moca  ,19.39023321,-70.5372859,1989.0,0.0,public,58.0,1.0,20417613.51,22788310.31,23064181.66,19375638.58,21035018.44,15318517.88,18295503.41,11104546.94,12960052.24,12862324.05,21420726.14,19610193.8,9765436.56,9242927.02,12577321.8,11770957.9,17494945.85,3093.0,89.0,129.0,2495.0,117.0,52.0,2609.0,146.0,51.0,2278.0,199.0,52.0,2416.0,205.0,60.0,1546.0,122.0,39.0,1475.0,98.0,52.0,583.0,27.0,21.0,542.0,16.0,23.0,446.0,15.0,43.0,788.0,14.0,25.0,683.0,8.0,78.0,771.0,44.0,34.0,563.0,24.0,36.0,654.0,19.0,37.0,1018.0,26.0,35.0,2502.0,246.0,44.0,2394.0,241.0,44.0,2283.0,372.0,48.0,1903.0,342.0,93.0,2077.0,367.0,104.0,1355.0,282.0,31.0,1418.0,187.0,54.0,579.0,88.0,16.0,460.0,65.0,17.0,283.0,69.0,77.0,584.0,64.0,22.0,551.0,50.0,65.0,528.0,93.0,25.0,408.0,94.0,23.0,417.0,57.0,30.0,495.0,93.0,33.0,12.0,12.0,12.0,11.0,11.0,8.0,9.0,6.0,7.0,8.0,8.0,9.0,9.0,11.0,9.0,8.0,9.0,9048692.83,11848330.33,16017402.13,20580576.56,36782141.58,31797019.84,28623690.69,20431567.78,15461539.82,12297963.57,18430762.5,34625580.29,15231252.35,13507667.72,21318131.04,14446956.15,30417.06,0.0,0.0,0.0,2577300.69,5421317.15,2877672.98,2853336.62,1666301.56,1306154.42,1028481.88,1780206.8,2506450.27,1362112.84,1773034.13,1182812.63,1565896.24,3464.04,1734799.33,1540252.7,1805860.16,1618117.68,2040067.26,1696092.24,2059107.59,711877.12,522702.04,651579.59,659226.75,979866.0,1038076.0,483472.85,1260126.8,1086792.0,1066.08,4928.0,28169.0,28440.0,384307.0,820971.78,261170.02,676019.1,620213.0,276314.0,344422.0,488552.0,450474.0,494624.01,715872.19,1221553.99,713009.0,1374.31,10513308.64,13219724.88,15148268.92,10664549.11,6253512.68,8032525.54,8589113.57,7078101.48,44020643.25,12111774.73,17702444.62,26995360.95,36638223.68,28452853.89,24517943.22,32723267.31,41595.11,493156.0,493156.0,493156.0,493156.0,569848.0,512167.0,512167.0,512167.0,512167.0,512167.0,512167.0,512167.0,512167.0,468504.33,468504.33,476986.97,460645.75,493156.0,493156.0,493156.0,468213.0,569848.0,512167.0,512167.0,512167.0,512167.0,463021.0,479067.0,512167.0,437409.31,438706.85,427110.8,437107.2,444772.28,692.37,744.25,820.12,1110.63,1122.05,1259.27,1269.16,1237.83,1222.86,1286.37,1345.69,1603.33,1742.84,2043.0,2316.78,2597.49,2540.5,1445.94,1369.99,1442.44,1653.92,2280.81,2670.62,2400.0,3066.67,2780.42,2597.37,2684.83,2750.0,3550.31,3587.22,4106.91,4287.64,4488.96,20.0,Espaillat,-70.3927756164861,19.53547357083965
0.0,0,0,0.0,0.0,0.0,0.0,0,0.0,0.0,0.0,0.0,0.0,0.0,0.0,0.0,0.0,0.0,0.0,0.0,0.0,0.0,0.0,0.0,0.0,0.0,0.0,0.0,0.0,0.0,0.0,0.0,0.0,0.0,0.0,0.0,0.0,0.0,0.0,0.0,0.0,0.0,0.0,0.0,0.0,0.0,0.0,0.0,0.0,0.0,0.0,0.0,0.0,0.0,0.0,0.0,0.0,0.0,0.0,0.0,0.0,0.0,0.0,0.0,0.0,0.0,0.0,0.0,0.0,0.0,0.0,0.0,0.0,0.0,0.0,0.0,0.0,0.0,0.0,0.0,0.0,0.0,0.0,0.0,0.0,0.0,0.0,0.0,0.0,0.0,0.0,0.0,0.0,0.0,0.0,0.0,0.0,0.0,0.0,0.0,0.0,0.0,0.0,0.0,0.0,0.0,0.0,0.0,0.0,0.0,0.0,0.0,0.0,0.0,0.0,0.0,0.0,0.0,0.0,0.0,0.0,0.0,0.0,0.0,0.0,0.0,0.0,0.0,0.0,0.0,0.0,0.0,0.0,0.0,0.0,0.0,0.0,0.0,0.0,0.0,0.0,0.0,0.0,0.0,0.0,0.0,0.0,0.0,0.0,0.0,0.0,0.0,0.0,0.0,0.0,0.0,0.0,0.0,0.0,0.0,0.0,0.0,0.0,0.0,0.0,0.0,0.0,0.0,0.0,0.0,0.0,0.0,0.0,0.0,0.0,0.0,0.0,0.0,0.0,0.0,0.0,0.0,0.0,0.0,0.0,0.0,0.0,0.0,0.0,0.0,0.0,0.0,0.0,0.0,0.0,0.0,0.0,0.0,0.0,0.0,0.0,0.0,0.0,0.0,0.0,0.0,0.0,0.0,0.0,0.0,0.0,0.0,0.0,0.0,0.0,0.0,0.0,0.0,0.0,0.0,0.0,0.0,0.0,0.0,0.0,0.0,0.0,0.0,0.0,0.0,0.0,0.0,0.0,0.0,0.0,0.0,0.0,0.0,0.0,0.0,0.0,0.0,0.0,0.0,0.0,0.0,0.0,0.0,0.0,0.0,0.0,0.0,0.0,0.0,0.0,0.0,0.0,0.0,0.0,0.0,0.0,0.0,0.0,0.0,0.0,0.0,0.0,0.0,0.0,0.0,0.0,0.0,0.0,0.0,0.0,0.0,0.0,0.0,0.0,0.0,0.0,0.0,0.0,0.0,0.0,0.0,0.0,0.0,0.0,0.0,0.0,0.0,0.0,21.0,Hermanas Mirabal,-70.36839547269146,19.417222142634223
0.0,0,0,0.0,0.0,0.0,0.0,0,0.0,0.0,0.0,0.0,0.0,0.0,0.0,0.0,0.0,0.0,0.0,0.0,0.0,0.0,0.0,0.0,0.0,0.0,0.0,0.0,0.0,0.0,0.0,0.0,0.0,0.0,0.0,0.0,0.0,0.0,0.0,0.0,0.0,0.0,0.0,0.0,0.0,0.0,0.0,0.0,0.0,0.0,0.0,0.0,0.0,0.0,0.0,0.0,0.0,0.0,0.0,0.0,0.0,0.0,0.0,0.0,0.0,0.0,0.0,0.0,0.0,0.0,0.0,0.0,0.0,0.0,0.0,0.0,0.0,0.0,0.0,0.0,0.0,0.0,0.0,0.0,0.0,0.0,0.0,0.0,0.0,0.0,0.0,0.0,0.0,0.0,0.0,0.0,0.0,0.0,0.0,0.0,0.0,0.0,0.0,0.0,0.0,0.0,0.0,0.0,0.0,0.0,0.0,0.0,0.0,0.0,0.0,0.0,0.0,0.0,0.0,0.0,0.0,0.0,0.0,0.0,0.0,0.0,0.0,0.0,0.0,0.0,0.0,0.0,0.0,0.0,0.0,0.0,0.0,0.0,0.0,0.0,0.0,0.0,0.0,0.0,0.0,0.0,0.0,0.0,0.0,0.0,0.0,0.0,0.0,0.0,0.0,0.0,0.0,0.0,0.0,0.0,0.0,0.0,0.0,0.0,0.0,0.0,0.0,0.0,0.0,0.0,0.0,0.0,0.0,0.0,0.0,0.0,0.0,0.0,0.0,0.0,0.0,0.0,0.0,0.0,0.0,0.0,0.0,0.0,0.0,0.0,0.0,0.0,0.0,0.0,0.0,0.0,0.0,0.0,0.0,0.0,0.0,0.0,0.0,0.0,0.0,0.0,0.0,0.0,0.0,0.0,0.0,0.0,0.0,0.0,0.0,0.0,0.0,0.0,0.0,0.0,0.0,0.0,0.0,0.0,0.0,0.0,0.0,0.0,0.0,0.0,0.0,0.0,0.0,0.0,0.0,0.0,0.0,0.0,0.0,0.0,0.0,0.0,0.0,0.0,0.0,0.0,0.0,0.0,0.0,0.0,0.0,0.0,0.0,0.0,0.0,0.0,0.0,0.0,0.0,0.0,0.0,0.0,0.0,0.0,0.0,0.0,0.0,0.0,0.0,0.0,0.0,0.0,0.0,0.0,0.0,0.0,0.0,0.0,0.0,0.0,0.0,0.0,0.0,0.0,0.0,0.0,0.0,0.0,0.0,0.0,0.0,0.0,0.0,22.0,Independencia,-71.61889612431284,18.419285825892718
0.0,0,0,0.0,0.0,0.0,0.0,0,0.0,0.0,0.0,0.0,0.0,0.0,0.0,0.0,0.0,0.0,0.0,0.0,0.0,0.0,0.0,0.0,0.0,0.0,0.0,0.0,0.0,0.0,0.0,0.0,0.0,0.0,0.0,0.0,0.0,0.0,0.0,0.0,0.0,0.0,0.0,0.0,0.0,0.0,0.0,0.0,0.0,0.0,0.0,0.0,0.0,0.0,0.0,0.0,0.0,0.0,0.0,0.0,0.0,0.0,0.0,0.0,0.0,0.0,0.0,0.0,0.0,0.0,0.0,0.0,0.0,0.0,0.0,0.0,0.0,0.0,0.0,0.0,0.0,0.0,0.0,0.0,0.0,0.0,0.0,0.0,0.0,0.0,0.0,0.0,0.0,0.0,0.0,0.0,0.0,0.0,0.0,0.0,0.0,0.0,0.0,0.0,0.0,0.0,0.0,0.0,0.0,0.0,0.0,0.0,0.0,0.0,0.0,0.0,0.0,0.0,0.0,0.0,0.0,0.0,0.0,0.0,0.0,0.0,0.0,0.0,0.0,0.0,0.0,0.0,0.0,0.0,0.0,0.0,0.0,0.0,0.0,0.0,0.0,0.0,0.0,0.0,0.0,0.0,0.0,0.0,0.0,0.0,0.0,0.0,0.0,0.0,0.0,0.0,0.0,0.0,0.0,0.0,0.0,0.0,0.0,0.0,0.0,0.0,0.0,0.0,0.0,0.0,0.0,0.0,0.0,0.0,0.0,0.0,0.0,0.0,0.0,0.0,0.0,0.0,0.0,0.0,0.0,0.0,0.0,0.0,0.0,0.0,0.0,0.0,0.0,0.0,0.0,0.0,0.0,0.0,0.0,0.0,0.0,0.0,0.0,0.0,0.0,0.0,0.0,0.0,0.0,0.0,0.0,0.0,0.0,0.0,0.0,0.0,0.0,0.0,0.0,0.0,0.0,0.0,0.0,0.0,0.0,0.0,0.0,0.0,0.0,0.0,0.0,0.0,0.0,0.0,0.0,0.0,0.0,0.0,0.0,0.0,0.0,0.0,0.0,0.0,0.0,0.0,0.0,0.0,0.0,0.0,0.0,0.0,0.0,0.0,0.0,0.0,0.0,0.0,0.0,0.0,0.0,0.0,0.0,0.0,0.0,0.0,0.0,0.0,0.0,0.0,0.0,0.0,0.0,0.0,0.0,0.0,0.0,0.0,0.0,0.0,0.0,0.0,0.0,0.0,0.0,0.0,0.0,0.0,0.0,0.0,0.0,0.0,0.0,23.0,Baoruco,-71.33339498910327,18.51195574998647
0.0,0,0,0.0,0.0,0.0,0.0,0,0.0,0.0,0.0,0.0,0.0,0.0,0.0,0.0,0.0,0.0,0.0,0.0,0.0,0.0,0.0,0.0,0.0,0.0,0.0,0.0,0.0,0.0,0.0,0.0,0.0,0.0,0.0,0.0,0.0,0.0,0.0,0.0,0.0,0.0,0.0,0.0,0.0,0.0,0.0,0.0,0.0,0.0,0.0,0.0,0.0,0.0,0.0,0.0,0.0,0.0,0.0,0.0,0.0,0.0,0.0,0.0,0.0,0.0,0.0,0.0,0.0,0.0,0.0,0.0,0.0,0.0,0.0,0.0,0.0,0.0,0.0,0.0,0.0,0.0,0.0,0.0,0.0,0.0,0.0,0.0,0.0,0.0,0.0,0.0,0.0,0.0,0.0,0.0,0.0,0.0,0.0,0.0,0.0,0.0,0.0,0.0,0.0,0.0,0.0,0.0,0.0,0.0,0.0,0.0,0.0,0.0,0.0,0.0,0.0,0.0,0.0,0.0,0.0,0.0,0.0,0.0,0.0,0.0,0.0,0.0,0.0,0.0,0.0,0.0,0.0,0.0,0.0,0.0,0.0,0.0,0.0,0.0,0.0,0.0,0.0,0.0,0.0,0.0,0.0,0.0,0.0,0.0,0.0,0.0,0.0,0.0,0.0,0.0,0.0,0.0,0.0,0.0,0.0,0.0,0.0,0.0,0.0,0.0,0.0,0.0,0.0,0.0,0.0,0.0,0.0,0.0,0.0,0.0,0.0,0.0,0.0,0.0,0.0,0.0,0.0,0.0,0.0,0.0,0.0,0.0,0.0,0.0,0.0,0.0,0.0,0.0,0.0,0.0,0.0,0.0,0.0,0.0,0.0,0.0,0.0,0.0,0.0,0.0,0.0,0.0,0.0,0.0,0.0,0.0,0.0,0.0,0.0,0.0,0.0,0.0,0.0,0.0,0.0,0.0,0.0,0.0,0.0,0.0,0.0,0.0,0.0,0.0,0.0,0.0,0.0,0.0,0.0,0.0,0.0,0.0,0.0,0.0,0.0,0.0,0.0,0.0,0.0,0.0,0.0,0.0,0.0,0.0,0.0,0.0,0.0,0.0,0.0,0.0,0.0,0.0,0.0,0.0,0.0,0.0,0.0,0.0,0.0,0.0,0.0,0.0,0.0,0.0,0.0,0.0,0.0,0.0,0.0,0.0,0.0,0.0,0.0,0.0,0.0,0.0,0.0,0.0,0.0,0.0,0.0,0.0,0.0,0.0,0.0,0.0,0.0,24.0,Azua,-70.83345558088445,18.581920888256683
0.0,0,0,0.0,0.0,0.0,0.0,0,0.0,0.0,0.0,0.0,0.0,0.0,0.0,0.0,0.0,0.0,0.0,0.0,0.0,0.0,0.0,0.0,0.0,0.0,0.0,0.0,0.0,0.0,0.0,0.0,0.0,0.0,0.0,0.0,0.0,0.0,0.0,0.0,0.0,0.0,0.0,0.0,0.0,0.0,0.0,0.0,0.0,0.0,0.0,0.0,0.0,0.0,0.0,0.0,0.0,0.0,0.0,0.0,0.0,0.0,0.0,0.0,0.0,0.0,0.0,0.0,0.0,0.0,0.0,0.0,0.0,0.0,0.0,0.0,0.0,0.0,0.0,0.0,0.0,0.0,0.0,0.0,0.0,0.0,0.0,0.0,0.0,0.0,0.0,0.0,0.0,0.0,0.0,0.0,0.0,0.0,0.0,0.0,0.0,0.0,0.0,0.0,0.0,0.0,0.0,0.0,0.0,0.0,0.0,0.0,0.0,0.0,0.0,0.0,0.0,0.0,0.0,0.0,0.0,0.0,0.0,0.0,0.0,0.0,0.0,0.0,0.0,0.0,0.0,0.0,0.0,0.0,0.0,0.0,0.0,0.0,0.0,0.0,0.0,0.0,0.0,0.0,0.0,0.0,0.0,0.0,0.0,0.0,0.0,0.0,0.0,0.0,0.0,0.0,0.0,0.0,0.0,0.0,0.0,0.0,0.0,0.0,0.0,0.0,0.0,0.0,0.0,0.0,0.0,0.0,0.0,0.0,0.0,0.0,0.0,0.0,0.0,0.0,0.0,0.0,0.0,0.0,0.0,0.0,0.0,0.0,0.0,0.0,0.0,0.0,0.0,0.0,0.0,0.0,0.0,0.0,0.0,0.0,0.0,0.0,0.0,0.0,0.0,0.0,0.0,0.0,0.0,0.0,0.0,0.0,0.0,0.0,0.0,0.0,0.0,0.0,0.0,0.0,0.0,0.0,0.0,0.0,0.0,0.0,0.0,0.0,0.0,0.0,0.0,0.0,0.0,0.0,0.0,0.0,0.0,0.0,0.0,0.0,0.0,0.0,0.0,0.0,0.0,0.0,0.0,0.0,0.0,0.0,0.0,0.0,0.0,0.0,0.0,0.0,0.0,0.0,0.0,0.0,0.0,0.0,0.0,0.0,0.0,0.0,0.0,0.0,0.0,0.0,0.0,0.0,0.0,0.0,0.0,0.0,0.0,0.0,0.0,0.0,0.0,0.0,0.0,0.0,0.0,0.0,0.0,0.0,0.0,0.0,0.0,0.0,0.0,25.0,DajabÃ³n,-71.60259739802979,19.43922628144267
0.0,0,0,0.0,0.0,0.0,0.0,0,0.0,0.0,0.0,0.0,0.0,0.0,0.0,0.0,0.0,0.0,0.0,0.0,0.0,0.0,0.0,0.0,0.0,0.0,0.0,0.0,0.0,0.0,0.0,0.0,0.0,0.0,0.0,0.0,0.0,0.0,0.0,0.0,0.0,0.0,0.0,0.0,0.0,0.0,0.0,0.0,0.0,0.0,0.0,0.0,0.0,0.0,0.0,0.0,0.0,0.0,0.0,0.0,0.0,0.0,0.0,0.0,0.0,0.0,0.0,0.0,0.0,0.0,0.0,0.0,0.0,0.0,0.0,0.0,0.0,0.0,0.0,0.0,0.0,0.0,0.0,0.0,0.0,0.0,0.0,0.0,0.0,0.0,0.0,0.0,0.0,0.0,0.0,0.0,0.0,0.0,0.0,0.0,0.0,0.0,0.0,0.0,0.0,0.0,0.0,0.0,0.0,0.0,0.0,0.0,0.0,0.0,0.0,0.0,0.0,0.0,0.0,0.0,0.0,0.0,0.0,0.0,0.0,0.0,0.0,0.0,0.0,0.0,0.0,0.0,0.0,0.0,0.0,0.0,0.0,0.0,0.0,0.0,0.0,0.0,0.0,0.0,0.0,0.0,0.0,0.0,0.0,0.0,0.0,0.0,0.0,0.0,0.0,0.0,0.0,0.0,0.0,0.0,0.0,0.0,0.0,0.0,0.0,0.0,0.0,0.0,0.0,0.0,0.0,0.0,0.0,0.0,0.0,0.0,0.0,0.0,0.0,0.0,0.0,0.0,0.0,0.0,0.0,0.0,0.0,0.0,0.0,0.0,0.0,0.0,0.0,0.0,0.0,0.0,0.0,0.0,0.0,0.0,0.0,0.0,0.0,0.0,0.0,0.0,0.0,0.0,0.0,0.0,0.0,0.0,0.0,0.0,0.0,0.0,0.0,0.0,0.0,0.0,0.0,0.0,0.0,0.0,0.0,0.0,0.0,0.0,0.0,0.0,0.0,0.0,0.0,0.0,0.0,0.0,0.0,0.0,0.0,0.0,0.0,0.0,0.0,0.0,0.0,0.0,0.0,0.0,0.0,0.0,0.0,0.0,0.0,0.0,0.0,0.0,0.0,0.0,0.0,0.0,0.0,0.0,0.0,0.0,0.0,0.0,0.0,0.0,0.0,0.0,0.0,0.0,0.0,0.0,0.0,0.0,0.0,0.0,0.0,0.0,0.0,0.0,0.0,0.0,0.0,0.0,0.0,0.0,0.0,0.0,0.0,0.0,0.0,26.0,La Altagracia,-68.65601565676826,18.579459812196202
0.0,0,0,0.0,0.0,0.0,0.0,0,0.0,0.0,0.0,0.0,0.0,0.0,0.0,0.0,0.0,0.0,0.0,0.0,0.0,0.0,0.0,0.0,0.0,0.0,0.0,0.0,0.0,0.0,0.0,0.0,0.0,0.0,0.0,0.0,0.0,0.0,0.0,0.0,0.0,0.0,0.0,0.0,0.0,0.0,0.0,0.0,0.0,0.0,0.0,0.0,0.0,0.0,0.0,0.0,0.0,0.0,0.0,0.0,0.0,0.0,0.0,0.0,0.0,0.0,0.0,0.0,0.0,0.0,0.0,0.0,0.0,0.0,0.0,0.0,0.0,0.0,0.0,0.0,0.0,0.0,0.0,0.0,0.0,0.0,0.0,0.0,0.0,0.0,0.0,0.0,0.0,0.0,0.0,0.0,0.0,0.0,0.0,0.0,0.0,0.0,0.0,0.0,0.0,0.0,0.0,0.0,0.0,0.0,0.0,0.0,0.0,0.0,0.0,0.0,0.0,0.0,0.0,0.0,0.0,0.0,0.0,0.0,0.0,0.0,0.0,0.0,0.0,0.0,0.0,0.0,0.0,0.0,0.0,0.0,0.0,0.0,0.0,0.0,0.0,0.0,0.0,0.0,0.0,0.0,0.0,0.0,0.0,0.0,0.0,0.0,0.0,0.0,0.0,0.0,0.0,0.0,0.0,0.0,0.0,0.0,0.0,0.0,0.0,0.0,0.0,0.0,0.0,0.0,0.0,0.0,0.0,0.0,0.0,0.0,0.0,0.0,0.0,0.0,0.0,0.0,0.0,0.0,0.0,0.0,0.0,0.0,0.0,0.0,0.0,0.0,0.0,0.0,0.0,0.0,0.0,0.0,0.0,0.0,0.0,0.0,0.0,0.0,0.0,0.0,0.0,0.0,0.0,0.0,0.0,0.0,0.0,0.0,0.0,0.0,0.0,0.0,0.0,0.0,0.0,0.0,0.0,0.0,0.0,0.0,0.0,0.0,0.0,0.0,0.0,0.0,0.0,0.0,0.0,0.0,0.0,0.0,0.0,0.0,0.0,0.0,0.0,0.0,0.0,0.0,0.0,0.0,0.0,0.0,0.0,0.0,0.0,0.0,0.0,0.0,0.0,0.0,0.0,0.0,0.0,0.0,0.0,0.0,0.0,0.0,0.0,0.0,0.0,0.0,0.0,0.0,0.0,0.0,0.0,0.0,0.0,0.0,0.0,0.0,0.0,0.0,0.0,0.0,0.0,0.0,0.0,0.0,0.0,0.0,0.0,0.0,0.0,27.0,MarÃ­a Trinidad SÃ¡nchez,-69.96923686260708,19.44712042458324
856.0,DOM-MULDOM-HERDOM-HITDOM-ANDDOM-CIBDOM-EXCDOM-LASDOM-INFDOM-NIIDOM-ISIDOM-HAIDOM-RIODOM-MELDOM-PERDOM-ALCDOM-HANDOM-TALDOM-GLODOM-VIS,Multimodal Caucedo Parque Z.F. Tecnologica de Herrera Zona Franca HitAndresCibernetico Excel Boca Chica Las Americas ZF Ind. y de Servicios Norte Infiesto Nigua IISan Isidro Hainamosa Riosur Villa Mella PERLAVLos Alcarrizos Hato Nuevo Intercontinental Global Zona Franca Ind. Bella Vista ,351.46059942,-1326.7430876,38054.0,0.0,privateprivateprivateprivatemixprivateprivateprivateprivateprivateprivateprivatepublicprivatepublicpublicprivateprivateprivate,45.473684210526315,19.0,249029657.62,289463310.07,264707191.23,296695592.53,462766214.77,441425533.09000003,461137755.55,518450627.37,753207051.37,782054661.42,820022451.2,823266239.8,819817615.42,933587370.38,1102935232.0,1029950993.5999999,1056725778.22,15641.0,1922.0,899.0,13997.0,1765.0,763.0,12819.0,1514.0,893.0,12718.0,1939.0,769.0,14735.0,1550.0,796.0,13159.0,826.0,833.0,12639.0,971.0,956.0,10383.0,1266.0,939.0,12553.0,1469.0,881.0,11545.0,1706.0,827.0,12042.0,1745.0,897.0,12932.0,1146.0,955.0,13670.0,1288.0,957.0,13624.0,2570.0,1069.0,14365.0,2349.0,1217.0,12988.0,2452.0,1159.0,8074.0,1520.0,760.0,6283.0,1575.0,772.0,5612.0,1548.0,950.0,6819.0,2235.0,837.0,10309.0,2249.0,1134.0,7753.0,1672.0,962.0,8491.0,2120.0,1140.0,7223.0,2655.0,1340.0,8178.0,2553.0,1130.0,6326.0,2607.0,995.0,7589.0,2923.0,1036.0,7052.0,2440.0,1129.0,7265.0,2563.0,1157.0,6099.0,3933.0,1278.0,6372.0,4004.0,1176.0,8325.0,3916.0,1122.0,82.0,94.0,98.0,101.0,109.0,106.0,99.0,102.0,104.0,106.0,108.0,110.0,101.0,107.0,105.0,107.0,108.0,95695387.06,107444863.87,107691722.64,194118909.23,357608344.59,325773927.04,490001404.81000006,555347173.61,595389666.94,376774942.43,343899635.69,637524137.17,535904995.74,746587109.11,1040204323.96,1039356440.43,890846.02,0.0,0.0,0.0,52956584.01,74623602.98,89265599.39,88542206.17,108382676.69999999,128353625.37,135606431.87,109850420.29,161378199.58,117768243.63000001,122356736.23,104540259.97,122409527.44,141795.11,11738982.69,9667031.61,9674109.95,11718355.73,19459955.47,19786159.6,28410184.71,25501085.8,29406766.55,27160732.410000004,27302617.419999998,33528362.72,51806689.98,44666181.09,56879600.65,55927919.33,50266.94,3035709.81,2787568.4299999997,2729898.56,4499715.12,7427171.74,9266879.51,18092043.62,17130251.94,24423020.68,20555496.0,16997480.6,25747138.89,26743833.43,28807018.22,31237764.03,32237699.08,28843.489999999998,59313927.59,90861161.01,67606461.13000001,53302076.38,58038988.42,62194083.35,62120066.94,221767574.16,641002166.2900001,737063891.93,735228640.1700001,818432631.8299999,782855182.11,960667358.71,1014147487.73,1353440008.5,1128583.3,3631338.0,4011668.3200000003,4181249.12,4236746.0,5048605.9,5079297.5200000005,5148292.25,5096289.16,5233853.390000001,5480368.9,5825783.55,5833470.95,6062345.92,6372708.26,6494594.04,6429321.970000001,6656768.68,3501743.0,3759999.0,3643558.0,3659323.0,4775683.48,4792454.3100000005,4464833.41,4589060.7,4746635.45,4826194.99,4683984.47,4630923.86,4367822.8,5094971.34,5808829.66,5722975.43,6001185.62,254.10052631578947,375.61105263157896,367.40526315789475,502.4231578947369,700.687894736842,779.0278947368421,952.4468421052633,930.9915789473685,1000.8231578947368,1109.503157894737,1091.69,1257.251052631579,1816.1836842105263,1875.0773684210526,2150.166842105263,2107.11,2444.102105263158,635.6831578947368,1126.518947368421,927.672105263158,1213.2342105263158,1831.1694736842105,1634.9094736842105,1823.732105263158,2028.8752631578946,2357.447894736842,2517.533684210526,2660.777368421053,2747.8363157894737,3306.5205263157895,3633.5815789473686,3527.2021052631576,3848.7647368421053,4511.845789473685,28.0,Santo DomingoSanto DomingoSanto DomingoSanto DomingoSanto DomingoSanto DomingoSanto DomingoSanto DomingoSanto DomingoSanto DomingoSanto DomingoSanto DomingoSanto DomingoSanto DomingoSanto DomingoSanto DomingoSanto DomingoSanto DomingoSanto Domingo,-1327.1433000126565,352.77947499911295
0.0,0,0,0.0,0.0,0.0,0.0,0,0.0,0.0,0.0,0.0,0.0,0.0,0.0,0.0,0.0,0.0,0.0,0.0,0.0,0.0,0.0,0.0,0.0,0.0,0.0,0.0,0.0,0.0,0.0,0.0,0.0,0.0,0.0,0.0,0.0,0.0,0.0,0.0,0.0,0.0,0.0,0.0,0.0,0.0,0.0,0.0,0.0,0.0,0.0,0.0,0.0,0.0,0.0,0.0,0.0,0.0,0.0,0.0,0.0,0.0,0.0,0.0,0.0,0.0,0.0,0.0,0.0,0.0,0.0,0.0,0.0,0.0,0.0,0.0,0.0,0.0,0.0,0.0,0.0,0.0,0.0,0.0,0.0,0.0,0.0,0.0,0.0,0.0,0.0,0.0,0.0,0.0,0.0,0.0,0.0,0.0,0.0,0.0,0.0,0.0,0.0,0.0,0.0,0.0,0.0,0.0,0.0,0.0,0.0,0.0,0.0,0.0,0.0,0.0,0.0,0.0,0.0,0.0,0.0,0.0,0.0,0.0,0.0,0.0,0.0,0.0,0.0,0.0,0.0,0.0,0.0,0.0,0.0,0.0,0.0,0.0,0.0,0.0,0.0,0.0,0.0,0.0,0.0,0.0,0.0,0.0,0.0,0.0,0.0,0.0,0.0,0.0,0.0,0.0,0.0,0.0,0.0,0.0,0.0,0.0,0.0,0.0,0.0,0.0,0.0,0.0,0.0,0.0,0.0,0.0,0.0,0.0,0.0,0.0,0.0,0.0,0.0,0.0,0.0,0.0,0.0,0.0,0.0,0.0,0.0,0.0,0.0,0.0,0.0,0.0,0.0,0.0,0.0,0.0,0.0,0.0,0.0,0.0,0.0,0.0,0.0,0.0,0.0,0.0,0.0,0.0,0.0,0.0,0.0,0.0,0.0,0.0,0.0,0.0,0.0,0.0,0.0,0.0,0.0,0.0,0.0,0.0,0.0,0.0,0.0,0.0,0.0,0.0,0.0,0.0,0.0,0.0,0.0,0.0,0.0,0.0,0.0,0.0,0.0,0.0,0.0,0.0,0.0,0.0,0.0,0.0,0.0,0.0,0.0,0.0,0.0,0.0,0.0,0.0,0.0,0.0,0.0,0.0,0.0,0.0,0.0,0.0,0.0,0.0,0.0,0.0,0.0,0.0,0.0,0.0,0.0,0.0,0.0,0.0,0.0,0.0,0.0,0.0,0.0,0.0,0.0,0.0,0.0,0.0,0.0,0.0,0.0,0.0,0.0,0.0,0.0,29.0,Monte Plata,-69.79961038940166,18.83698986294292
152.0,DOM-CRIDOM-MUTDOM-NIGDOM-ARMDOM-6NODOM-ALT,San Cristobal (Itabo) Multiparques S.ANigua La Armeria Zona Franca 6 de Noviembre Villa Altagracia ,110.72842915,-420.50187537,11976.0,0.0,privateprivateprivatepublicprivateprivate,25.333333333333332,6.0,211035798.14,224293445.0,230880788.0,130265565.0,241554243.1,315943750.79,338647245.06,333718168.92,287229991.27,271356682.46,317978129.49,399981271.5,449905944.23,486192523.06,553360224.6,435313846.70000005,524601182.89000005,10835.0,437.0,509.0,9896.0,301.0,463.0,9409.0,389.0,443.0,8750.0,475.0,518.0,8811.0,342.0,513.0,7895.0,515.0,520.0,8706.0,348.0,557.0,7382.0,381.0,744.0,7563.0,347.0,697.0,6083.0,241.0,590.0,6489.0,343.0,605.0,7084.0,331.0,622.0,7104.0,394.0,675.0,7162.0,656.0,764.0,7492.0,691.0,885.0,7896.0,724.0,747.0,4624.0,652.0,541.0,4982.0,619.0,679.0,5058.0,708.0,575.0,4808.0,891.0,647.0,5285.0,838.0,731.0,4832.0,948.0,680.0,5106.0,734.0,724.0,4324.0,1246.0,921.0,4404.0,1216.0,973.0,3542.0,899.0,697.0,4110.0,932.0,674.0,4204.0,1035.0,737.0,4471.0,1229.0,812.0,5003.0,1611.0,909.0,5318.0,1526.0,1019.0,5514.0,1672.0,945.0,44.0,50.0,50.0,50.0,59.0,56.0,63.0,65.0,59.0,63.0,59.0,59.0,59.0,59.0,62.0,62.0,62.0,81060795.74,87490007.41000001,114525234.14,220774208.7,322305663.39,368884638.43,348946831.43,412696893.98,346787493.87,285160427.22,311554167.61,352462455.16999996,436797834.16,572377792.71,687512699.36,755044658.44,742187.3,0.0,0.0,0.0,32182190.64,64960145.78,60130510.650000006,58685704.27,63693825.260000005,54273579.64,46963570.88,84918204.67,54820853.589999996,74634685.86,99733100.43,107658281.1,138767084.8,132386.79,7015759.16,5973636.44,7854067.53,9790867.44,12965524.92,13808629.27,15581409.61,66477300.78,16670251.020000001,16121179.31,17072587.89,19189296.61,28731632.87,27847439.78,30233449.43,33089830.45,40323.659999999996,2979474.0,3514883.87,4270625.21,4235557.13,5274985.819999999,6370021.05,6628574.14,8151024.47,4485476.75,5615873.3,8710732.85,11846586.4,12052377.27,6598998.119999999,7116712.6,10883888.190000001,12586.619999999999,40037030.730000004,33049613.2,50956751.68,43042034.19,27758626.950000003,32280227.55,31495554.51,151919865.93,358253069.49,312452433.38,361375099.90999997,445968499.16,523682579.16,564735505.01,629922819.64,743899688.06,778150.61,2171454.26,2387338.0,2462057.6,2502068.0,2563815.0,2799950.05,2848050.63,3215089.63,3230026.07,3281428.4499999997,3351088.16,3351088.16,3633840.02,3606389.95,3606389.95,3209772.0,3490101.64,1993120.93,2264042.0,2248131.6,2275545.0,2383921.32,2559525.77,2635589.0,3038560.0,2786249.85,2775918.46,2887275.75,2865173.65,3267571.6700000004,3315420.8000000003,3187990.3600000003,3014701.41,3124850.88,508.90000000000003,479.56166666666667,458.04833333333335,550.6133333333333,748.435,914.2800000000001,902.0983333333334,1328.2733333333333,1567.7066666666667,1734.28,1681.0500000000002,2036.7966666666669,2098.638333333333,2217.9933333333333,2374.3716666666664,2425.103333333333,2816.2966666666666,1114.32,1046.4066666666665,905.3116666666666,1139.91,1714.2383333333335,1916.5433333333333,1915.6783333333333,2512.11,3209.1633333333334,3633.286666666667,3363.183333333333,4141.9800000000005,3844.815,4100.531666666667,4185.588333333333,4331.33,5025.721666666667,30.0,San CristÃ³balSan CristÃ³balSan CristÃ³balSan CristÃ³balSan CristÃ³balSan CristÃ³bal,-421.2420770174363,111.13670382772365
68.0,DOM-MACDOM-CHE,San Pedro de Macoris Chemtec ,36.911257,-138.57567154999998,3961.0,0.0,publicprivate,34.0,2.0,97722280.75,92075315.25999999,79852709.12,95545788.0,113356013.5,118861140.0,115954806.38,130821430.17999999,110603380.36,119973972.04,115308362.53,130019658.5,156642724.44,141671347.17,158722259.20000002,301481303.40000004,318600072.8,10615.0,727.0,390.0,9825.0,759.0,334.0,9633.0,652.0,317.0,9483.0,553.0,323.0,10455.0,864.0,447.0,7401.0,475.0,334.0,6757.0,439.0,269.0,7088.0,514.0,332.0,4814.0,462.0,293.0,5505.0,392.0,269.0,6054.0,452.0,279.0,5255.0,361.0,290.0,5259.0,451.0,304.0,5680.0,308.0,313.0,6648.0,344.0,350.0,6523.0,340.0,365.0,7411.0,1155.0,405.0,5975.0,1179.0,342.0,5538.0,944.0,385.0,5251.0,1131.0,378.0,6097.0,1260.0,460.0,4352.0,970.0,350.0,3605.0,819.0,353.0,2955.0,954.0,334.0,3777.0,800.0,319.0,2720.0,732.0,305.0,2935.0,839.0,323.0,2521.0,777.0,279.0,2596.0,903.0,268.0,2945.0,812.0,365.0,3407.0,1072.0,439.0,3268.0,1021.0,493.0,63.0,64.0,58.0,63.0,68.0,62.0,51.0,47.0,47.0,48.0,44.0,48.0,48.0,47.0,46.0,50.0,47.0,50360948.63,51821402.72,48273242.81,87757230.07000001,180770121.47,150197250.04,114443182.26,126750006.08,134534375.5,114963126.7,148256589.1,180716459.89,207698905.53,199983264.93,236581539.16000003,232099195.69,224506.57,0.0,0.0,0.0,13785544.110000001,22129091.61,19359111.13,19049472.49,18999940.07,18272313.65,18491637.4,16551765.0,18912611.89,19213671.82,18757530.11,22424681.74,20536409.15,26226.480000000003,6340525.83,50592806.150000006,6393946.869999999,5984658.82,9117587.069999998,8326553.5600000005,9088640.56,9763136.12,7740787.72,7569206.64,8798635.040000001,9423885.91,12593379.06,10011715.56,12254481.15,15332161.42,15522.25,1041112.85,1367284.2999999998,1029794.6,1452348.6600000001,2039058.44,1975893.7200000002,2185828.8,2535116.23,1592510.21,2104881.98,1758070.9100000001,2947741.26,2474330.44,2629339.68,2523561.85,2388767.6700000004,3041.09,53658478.84,49213958.14,42349967.910000004,37605786.47,31365265.479999997,34465252.79,28780950.599999998,137902035.8,185083329.07,153426403.98,218833069.89000002,219774148.20999998,205848515.66,236932348.15,255205208.34,319456887.58,371803.54,2896032.0,2896032.0,2896032.0,2914826.0,2925528.0,2925528.0,2925528.0,2925528.0,2925528.0,2925528.0,2925528.0,2925528.0,3553321.26,3317401.09,4223599.09,4223599.09,3693251.9,2863242.0,2628071.0,2710341.0,2756862.0,2852528.0,2720956.0,2793175.0,2683168.0,2698268.0,2787662.0,2740968.93,2790872.0,3206921.8,3017887.42,4006042.13,4125741.96,3301468.11,686.9449999999999,724.86,721.675,867.19,1064.7649999999999,1180.435,1232.5300000000002,1331.795,1405.1100000000001,1394.13,1563.605,1687.505,1804.565,2352.885,2386.885,2435.5649999999996,2671.985,1576.1100000000001,1833.295,1465.42,1888.28,2300.2799999999997,2365.335,2538.365,2881.1949999999997,3170.73,3241.13,3759.735,3533.3199999999997,4412.205,4923.83,5130.37,5164.7,5455.969999999999,31.0,San Pedro de MacorÃ­sSan Pedro de MacorÃ­s,-138.72225497250778,37.103844604550474
